Date,V2Weight,SPY
2017-01-03,1.0,193.9681396484375
2017-01-04,1.0,195.12208557128903
2017-01-05,1.0,194.9670867919922
2017-01-06,1.0,195.66465759277344
2017-01-09,1.0,195.0187225341797
2017-01-10,1.0,195.0187225341797
2017-01-11,1.0,195.5699005126953
2017-01-12,1.0,195.07904052734372
2017-01-13,1.0,195.52685546875
2017-01-17,1.0,194.83792114257807
2017-01-18,1.0,195.26849365234372
2017-01-19,1.0,194.54513549804688
2017-01-20,1.0,195.25991821289065
2017-01-23,1.0,194.7518310546875
2017-01-24,1.0,196.00051879882807
2017-01-25,1.0,197.6969757080078
2017-01-26,1.0,197.49029541015625
2017-01-27,1.0,197.1802520751953
2017-01-30,1.0,195.9574279785156
2017-01-31,1.0,195.9402313232422
2017-02-01,1.0,196.01773071289065
2017-02-02,1.0,196.14686584472656
2017-02-03,1.0,197.4989471435547
2017-02-06,1.0,197.1458282470703
2017-02-07,1.0,197.1544342041016
2017-02-08,1.0,197.41281127929688
2017-02-09,1.0,198.583984375
2017-02-10,1.0,199.3676300048828
2017-02-13,1.0,200.4527130126953
2017-02-14,1.0,201.2535552978516
2017-02-15,1.0,202.30419921875
2017-02-16,1.0,202.1319580078125
2017-02-17,1.0,202.45062255859372
2017-02-21,1.0,203.6562042236328
2017-02-22,1.0,203.475341796875
2017-02-23,1.0,203.61312866210935
2017-02-24,1.0,203.8715057373047
2017-02-27,1.0,204.19009399414065
2017-02-28,1.0,203.63900756835935
2017-03-01,1.0,206.4894256591797
2017-03-02,1.0,205.1891021728516
2017-03-03,1.0,205.31825256347656
2017-03-06,1.0,204.7068328857422
2017-03-07,1.0,204.0954132080078
2017-03-08,1.0,203.71652221679688
2017-03-09,1.0,203.974853515625
2017-03-10,1.0,204.68966674804688
2017-03-13,1.0,204.7929534912109
2017-03-14,1.0,204.00929260253903
2017-03-15,1.0,205.77471923828125
2017-03-16,1.0,205.3699188232422
2017-03-17,1.0,205.00924682617188
2017-03-20,1.0,204.78440856933597
2017-03-21,1.0,202.1550750732422
2017-03-22,1.0,202.6308135986328
2017-03-23,1.0,202.41448974609372
2017-03-24,1.0,202.2674865722656
2017-03-27,1.0,202.05990600585935
2017-03-28,1.0,203.5303192138672
2017-03-29,1.0,203.7205810546875
2017-03-30,1.0,204.36924743652344
2017-03-31,1.0,203.8935089111328
2017-04-03,1.0,203.5388946533203
2017-04-04,1.0,203.66867065429688
2017-04-05,1.0,203.0631866455078
2017-04-06,1.0,203.6341094970703
2017-04-07,1.0,203.4264678955078
2017-04-10,1.0,203.54757690429688
2017-04-11,1.0,203.30532836914065
2017-04-12,1.0,202.41448974609372
2017-04-13,1.0,201.0998992919922
2017-04-17,1.0,202.881591796875
2017-04-18,1.0,202.27615356445312
2017-04-19,1.0,201.90423583984372
2017-04-20,1.0,203.54757690429688
2017-04-21,1.0,202.8988800048828
2017-04-24,1.0,205.13038635253903
2017-04-25,1.0,206.3238983154297
2017-04-26,1.0,206.1942138671875
2017-04-27,1.0,206.3671722412109
2017-04-28,1.0,205.9174346923828
2017-05-01,1.0,206.4363555908203
2017-05-02,1.0,206.51422119140625
2017-05-03,1.0,206.2633819580078
2017-05-04,1.0,206.50552368164065
2017-05-05,1.0,207.31858825683597
2017-05-08,1.0,207.2839813232422
2017-05-09,1.0,207.0937042236328
2017-05-10,1.0,207.46560668945312
2017-05-11,1.0,207.04180908203125
2017-05-12,1.0,206.69581604003903
2017-05-15,1.0,207.83750915527344
2017-05-16,1.0,207.64724731445312
2017-05-17,1.0,203.9627685546875
2017-05-18,1.0,204.78440856933597
2017-05-19,1.0,206.1163787841797
2017-05-22,1.0,207.1629180908203
2017-05-23,1.0,207.6212921142578
2017-05-24,1.0,208.1056365966797
2017-05-25,1.0,209.10025024414065
2017-05-26,1.0,209.0570373535156
2017-05-30,1.0,208.8754119873047
2017-05-31,1.0,208.82354736328125
2017-06-01,1.0,210.4841461181641
2017-06-02,1.0,211.1847076416016
2017-06-05,1.0,211.02903747558597
2017-06-06,1.0,210.3544158935547
2017-06-07,1.0,210.74365234375
2017-06-08,1.0,210.84738159179688
2017-06-09,1.0,210.5273895263672
2017-06-12,1.0,210.4841461181641
2017-06-13,1.0,211.51339721679688
2017-06-14,1.0,211.2452545166016
2017-06-15,1.0,210.8387451171875
2017-06-16,1.0,210.88479614257807
2017-06-19,1.0,212.6404266357422
2017-06-20,1.0,211.20639038085935
2017-06-21,1.0,211.1542510986328
2017-06-22,1.0,211.05865478515625
2017-06-23,1.0,211.31069946289065
2017-06-26,1.0,211.4497528076172
2017-06-27,1.0,209.7462158203125
2017-06-28,1.0,211.62356567382807
2017-06-29,1.0,209.7636260986328
2017-06-30,1.0,210.15475463867188
2017-07-03,1.0,210.51107788085935
2017-07-05,1.0,210.99778747558597
2017-07-06,1.0,209.06832885742188
2017-07-07,1.0,210.42416381835935
2017-07-10,1.0,210.650146484375
2017-07-11,1.0,210.4936981201172
2017-07-12,1.0,212.07550048828125
2017-07-13,1.0,212.4318389892578
2017-07-14,1.0,213.4226531982422
2017-07-17,1.0,213.3965759277344
2017-07-18,1.0,213.5095977783203
2017-07-19,1.0,214.66552734375
2017-07-20,1.0,214.7611389160156
2017-07-21,1.0,214.5699615478516
2017-07-24,1.0,214.51779174804688
2017-07-25,1.0,215.03924560546875
2017-07-26,1.0,215.0479278564453
2017-07-27,1.0,214.84800720214844
2017-07-28,1.0,214.5959625244141
2017-07-31,1.0,214.4742889404297
2017-08-01,1.0,214.95233154296875
2017-08-02,1.0,215.0565948486328
2017-08-03,1.0,214.63946533203125
2017-08-04,1.0,215.03054809570312
2017-08-07,1.0,215.43035888671875
2017-08-08,1.0,214.9001617431641
2017-08-09,1.0,214.8914794921875
2017-08-10,1.0,211.8582000732422
2017-08-11,1.0,212.1710968017578
2017-08-14,1.0,214.2744140625
2017-08-15,1.0,214.2482452392578
2017-08-16,1.0,214.62208557128903
2017-08-17,1.0,211.2759552001953
2017-08-18,1.0,210.9456787109375
2017-08-21,1.0,211.11080932617188
2017-08-22,1.0,213.318359375
2017-08-23,1.0,212.55352783203125
2017-08-24,1.0,212.05816650390625
2017-08-25,1.0,212.55352783203125
2017-08-28,1.0,212.5622100830078
2017-08-29,1.0,212.80560302734372
2017-08-30,1.0,213.8137664794922
2017-08-31,1.0,215.1000518798828
2017-09-01,1.0,215.40431213378903
2017-09-05,1.0,213.857177734375
2017-09-06,1.0,214.58726501464844
2017-09-07,1.0,214.5611724853516
2017-09-08,1.0,214.3091735839844
2017-09-11,1.0,216.5949859619141
2017-09-12,1.0,217.3250274658203
2017-09-13,1.0,217.42935180664065
2017-09-14,1.0,217.35980224609372
2017-09-15,1.0,217.6524353027344
2017-09-18,1.0,218.1153564453125
2017-09-19,1.0,218.33364868164065
2017-09-20,1.0,218.4122772216797
2017-09-21,1.0,217.8271484375
2017-09-22,1.0,217.87075805664065
2017-09-25,1.0,217.42530822753903
2017-09-26,1.0,217.5563201904297
2017-09-27,1.0,218.403564453125
2017-09-28,1.0,218.6656494140625
2017-09-29,1.0,219.43423461914065
2017-10-02,1.0,220.3862762451172
2017-10-03,1.0,220.8578948974609
2017-10-04,1.0,221.11993408203125
2017-10-05,1.0,222.43017578125
2017-10-06,1.0,222.17681884765625
2017-10-09,1.0,221.80999755859372
2017-10-10,1.0,222.39520263671875
2017-10-11,1.0,222.7445373535156
2017-10-12,1.0,222.41265869140625
2017-10-13,1.0,222.68345642089844
2017-10-16,1.0,222.9803771972656
2017-10-17,1.0,223.1376190185547
2017-10-18,1.0,223.35598754882807
2017-10-19,1.0,223.4170837402344
2017-10-20,1.0,224.570068359375
2017-10-23,1.0,223.69662475585935
2017-10-24,1.0,224.0896759033203
2017-10-25,1.0,222.9803771972656
2017-10-26,1.0,223.2686004638672
2017-10-27,1.0,225.0941162109375
2017-10-30,1.0,224.2556304931641
2017-10-31,1.0,224.60494995117188
2017-11-01,1.0,224.90196228027344
2017-11-02,1.0,224.9892578125
2017-11-03,1.0,225.7404937744141
2017-11-06,1.0,226.08985900878903
2017-11-07,1.0,225.9326171875
2017-11-08,1.0,226.31689453125
2017-11-09,1.0,225.49594116210935
2017-11-10,1.0,225.42601013183597
2017-11-13,1.0,225.63563537597656
2017-11-14,1.0,225.1115875244141
2017-11-15,1.0,223.98486328125
2017-11-16,1.0,225.888916015625
2017-11-17,1.0,225.2250823974609
2017-11-20,1.0,225.6094512939453
2017-11-21,1.0,227.0855407714844
2017-11-22,1.0,226.8846740722656
2017-11-24,1.0,227.40869140625
2017-11-27,1.0,227.2951812744141
2017-11-28,1.0,229.60104370117188
2017-11-29,1.0,229.46127319335935
2017-11-30,1.0,231.47023010253903
2017-12-01,1.0,230.9898376464844
2017-12-04,1.0,230.7103576660156
2017-12-05,1.0,229.8805694580078
2017-12-06,1.0,229.92420959472656
2017-12-07,1.0,230.64923095703125
2017-12-08,1.0,231.90695190429688
2017-12-11,1.0,232.60565185546875
2017-12-12,1.0,233.0162048339844
2017-12-13,1.0,232.99002075195312
2017-12-14,1.0,232.03802490234372
2017-12-15,1.0,233.97027587890625
2017-12-18,1.0,235.4538726806641
2017-12-19,1.0,234.54969787597656
2017-12-20,1.0,234.4267120361328
2017-12-21,1.0,234.9096527099609
2017-12-22,1.0,234.84817504882807
2017-12-26,1.0,234.56723022460935
2017-12-27,1.0,234.68133544921875
2017-12-28,1.0,235.1641082763672
2017-12-29,1.0,234.2774810791016
2018-01-02,1.0,235.95425415039065
2018-01-03,1.0,237.44674682617188
2018-01-04,1.0,238.44757080078125
2018-01-05,1.0,240.03659057617188
2018-01-08,1.0,240.47555541992188
2018-01-09,1.0,241.01983642578125
2018-01-10,1.0,240.6510162353516
2018-01-11,1.0,242.4068298339844
2018-01-12,1.0,243.98719787597656
2018-01-16,1.0,243.15310668945312
2018-01-17,1.0,245.4707489013672
2018-01-18,1.0,245.0581512451172
2018-01-19,1.0,246.173095703125
2018-01-22,1.0,248.1746826171875
2018-01-23,1.0,248.70144653320312
2018-01-24,1.0,248.6049041748047
2018-01-25,1.0,248.7102203369141
2018-01-26,1.0,251.5897979736328
2018-01-29,1.0,249.92169189453125
2018-01-30,1.0,247.35824584960935
2018-01-31,1.0,247.4811553955078
2018-02-01,1.0,247.20022583007807
2018-02-02,1.0,241.81871032714844
2018-02-05,1.0,231.7052459716797
2018-02-06,1.0,236.2704162597656
2018-02-07,1.0,234.98863220214844
2018-02-08,1.0,226.1744537353516
2018-02-09,1.0,229.5719146728516
2018-02-12,1.0,232.94305419921875
2018-02-13,1.0,233.52252197265625
2018-02-14,1.0,236.67416381835935
2018-02-15,1.0,239.69418334960935
2018-02-16,1.0,239.7644195556641
2018-02-20,1.0,238.26319885253903
2018-02-21,1.0,237.07797241210935
2018-02-22,1.0,237.38526916503903
2018-02-23,1.0,241.1690673828125
2018-02-26,1.0,243.9695281982422
2018-02-27,1.0,240.9232482910156
2018-02-28,1.0,238.48263549804688
2018-03-01,1.0,235.01492309570312
2018-03-02,1.0,236.2263946533203
2018-03-05,1.0,238.95672607421875
2018-03-06,1.0,239.5625457763672
2018-03-07,1.0,239.4747009277344
2018-03-08,1.0,240.63357543945312
2018-03-09,1.0,244.8210906982422
2018-03-12,1.0,244.51385498046875
2018-03-13,1.0,242.9335784912109
2018-03-14,1.0,241.68701171875
2018-03-15,1.0,241.4236297607422
2018-03-16,1.0,241.6854705810547
2018-03-19,1.0,238.41531372070312
2018-03-20,1.0,238.8208465576172
2018-03-21,1.0,238.3624420166016
2018-03-22,1.0,232.404052734375
2018-03-23,1.0,227.45050048828125
2018-03-26,1.0,233.67327880859372
2018-03-27,1.0,229.69813537597656
2018-03-28,1.0,229.01931762695312
2018-03-29,1.0,231.9457244873047
2018-04-02,1.0,226.9392852783203
2018-04-03,1.0,229.84793090820312
2018-04-04,1.0,232.3071746826172
2018-04-05,1.0,234.14048767089844
2018-04-06,1.0,228.9224395751953
2018-04-09,1.0,230.05072021484372
2018-04-10,1.0,233.70846557617188
2018-04-11,1.0,232.4833984375
2018-04-12,1.0,234.3961334228516
2018-04-13,1.0,233.70846557617188
2018-04-16,1.0,235.63003540039065
2018-04-17,1.0,238.1509552001953
2018-04-18,1.0,238.32716369628903
2018-04-19,1.0,237.00509643554688
2018-04-20,1.0,234.9954071044922
2018-04-23,1.0,234.9602203369141
2018-04-24,1.0,231.7958984375
2018-04-25,1.0,232.36886596679688
2018-04-26,1.0,234.7310028076172
2018-04-27,1.0,234.9513702392578
2018-04-30,1.0,233.1445159912109
2018-05-01,1.0,233.55874633789065
2018-05-02,1.0,231.98980712890625
2018-05-03,1.0,231.4785919189453
2018-05-04,1.0,234.475341796875
2018-05-07,1.0,235.2687530517578
2018-05-08,1.0,235.2687530517578
2018-05-09,1.0,237.5427398681641
2018-05-10,1.0,239.76388549804688
2018-05-11,1.0,240.4955596923828
2018-05-14,1.0,240.61009216308597
2018-05-15,1.0,238.95306396484372
2018-05-16,1.0,239.95782470703125
2018-05-17,1.0,239.75518798828125
2018-05-18,1.0,239.1557464599609
2018-05-21,1.0,240.95379638671875
2018-05-22,1.0,240.283935546875
2018-05-23,1.0,240.9449920654297
2018-05-24,1.0,240.45144653320312
2018-05-25,1.0,239.8785095214844
2018-05-29,1.0,237.11968994140625
2018-05-30,1.0,240.283935546875
2018-05-31,1.0,238.81202697753903
2018-06-01,1.0,241.1565093994141
2018-06-04,1.0,242.3023681640625
2018-06-05,1.0,242.47874450683597
2018-06-06,1.0,244.5059967041016
2018-06-07,1.0,244.4795379638672
2018-06-08,1.0,245.2023162841797
2018-06-11,1.0,245.5284118652344
2018-06-12,1.0,245.84576416015625
2018-06-13,1.0,245.061279296875
2018-06-14,1.0,245.6782684326172
2018-06-15,1.0,245.3648834228516
2018-06-18,1.0,244.86016845703125
2018-06-19,1.0,243.92169189453125
2018-06-20,1.0,244.33778381347656
2018-06-21,1.0,242.8061370849609
2018-06-22,1.0,243.248779296875
2018-06-25,1.0,239.9374847412109
2018-06-26,1.0,240.46875
2018-06-27,1.0,238.4766387939453
2018-06-28,1.0,239.840087890625
2018-06-29,1.0,240.18539428710935
2018-07-02,1.0,240.69894409179688
2018-07-03,1.0,239.84893798828125
2018-07-05,1.0,241.80563354492188
2018-07-06,1.0,243.85079956054688
2018-07-09,1.0,246.046630859375
2018-07-10,1.0,246.93194580078125
2018-07-11,1.0,245.1258087158203
2018-07-12,1.0,247.34808349609372
2018-07-13,1.0,247.54281616210935
2018-07-16,1.0,247.3214874267578
2018-07-17,1.0,248.32196044921875
2018-07-18,1.0,248.8443603515625
2018-07-19,1.0,247.90579223632807
2018-07-20,1.0,247.62266540527344
2018-07-23,1.0,248.0830078125
2018-07-24,1.0,249.3313140869141
2018-07-25,1.0,251.456298828125
2018-07-26,1.0,250.8630523681641
2018-07-27,1.0,249.16305541992188
2018-07-30,1.0,247.86166381835935
2018-07-31,1.0,249.0834503173828
2018-08-01,1.0,248.66734313964844
2018-08-02,1.0,250.0219573974609
2018-08-03,1.0,251.09329223632807
2018-08-06,1.0,252.0140380859375
2018-08-07,1.0,252.8462677001953
2018-08-08,1.0,252.74005126953125
2018-08-09,1.0,252.3947296142578
2018-08-10,1.0,250.70372009277344
2018-08-13,1.0,249.7652130126953
2018-08-14,1.0,251.35882568359372
2018-08-15,1.0,249.4818420410156
2018-08-16,1.0,251.5005340576172
2018-08-17,1.0,252.3859405517578
2018-08-20,1.0,252.9259490966797
2018-08-21,1.0,253.51914978027344
2018-08-22,1.0,253.36866760253903
2018-08-23,1.0,253.0322723388672
2018-08-24,1.0,254.5551300048828
2018-08-27,1.0,256.5648498535156
2018-08-28,1.0,256.6889038085937
2018-08-29,1.0,258.0699768066406
2018-08-30,1.0,257.02520751953125
2018-08-31,1.0,257.0342102050781
2018-09-04,1.0,256.59149169921875
2018-09-05,1.0,255.9008026123047
2018-09-06,1.0,255.1304626464844
2018-09-07,1.0,254.6346893310547
2018-09-10,1.0,255.07745361328125
2018-09-11,1.0,255.9185485839844
2018-09-12,1.0,255.9805145263672
2018-09-13,1.0,257.4944763183594
2018-09-14,1.0,257.5387878417969
2018-09-17,1.0,256.1752014160156
2018-09-18,1.0,257.5653381347656
2018-09-19,1.0,257.83984375
2018-09-20,1.0,259.92926025390625
2018-09-21,1.0,259.6918029785156
2018-09-24,1.0,258.8291320800781
2018-09-25,1.0,258.5890197753906
2018-09-26,1.0,257.81512451171875
2018-09-27,1.0,258.53564453125
2018-09-28,1.0,258.56231689453125
2018-10-01,1.0,259.4606018066406
2018-10-02,1.0,259.3094482421875
2018-10-03,1.0,259.45172119140625
2018-10-04,1.0,257.4239196777344
2018-10-05,1.0,255.9830780029297
2018-10-08,1.0,255.9830780029297
2018-10-09,1.0,255.60964965820312
2018-10-10,1.0,247.51605224609372
2018-10-11,1.0,242.0642242431641
2018-10-12,1.0,245.42608642578125
2018-10-15,1.0,244.0475311279297
2018-10-16,1.0,249.38380432128903
2018-10-17,1.0,249.42832946777344
2018-10-18,1.0,245.82632446289065
2018-10-19,1.0,245.6929473876953
2018-10-22,1.0,244.590087890625
2018-10-23,1.0,243.3448486328125
2018-10-24,1.0,235.9718780517578
2018-10-25,0.0,240.2053985595703
2018-10-26,0.3,235.98080444335935
2018-10-29,0.3,234.6733856201172
2018-10-30,0.8,238.15089416503903
2018-10-31,0.8,240.69448852539065
2018-11-01,0.8,243.25601196289065
2018-11-02,0.8,241.81512451171875
2018-11-05,0.8,243.1492919921875
2018-11-06,0.8,244.6878967285156
2018-11-07,0.8,249.92649841308597
2018-11-08,0.8,249.47283935546875
2018-11-09,0.8,247.0359039306641
2018-11-12,1.0,242.4199066162109
2018-11-13,1.0,241.96630859375
2018-11-14,1.0,240.3121337890625
2018-11-15,0.0,242.8201141357422
2018-11-16,1.0,243.45167541503903
2018-11-19,0.0,239.3338165283203
2018-11-20,0.0,234.9046936035156
2018-11-21,0.0,235.7050628662109
2018-11-23,0.0,234.13088989257807
2018-11-26,0.0,237.91075134277344
2018-11-27,0.0,238.7112274169922
2018-11-28,0.0,244.20762634277344
2018-11-29,0.0,243.67401123046875
2018-11-30,0.0,245.15924072265625
2018-12-03,0.0,248.4055328369141
2018-12-04,0.0,240.3566131591797
2018-12-06,0.0,239.9918975830078
2018-12-07,0.0,234.4155120849609
2018-12-10,0.0,234.86019897460935
2018-12-11,0.0,234.9135284423828
2018-12-12,0.0,236.0963897705078
2018-12-13,0.0,236.016357421875
2018-12-14,0.0,231.65838623046875
2018-12-17,0.0,227.11361694335935
2018-12-18,0.3,226.8645782470703
2018-12-19,0.3,223.46714782714844
2018-12-20,0.8,219.82955932617188
2018-12-21,0.8,215.32530212402344
2018-12-24,0.8,209.6358337402344
2018-12-26,0.8,220.2276153564453
2018-12-27,0.8,221.91839599609372
2018-12-28,0.8,221.63211059570312
2018-12-31,0.8,223.5733795166016
2019-01-02,0.8,223.8059234619141
2019-01-03,0.8,218.46539306640625
2019-01-04,0.8,225.78294372558597
2019-01-07,0.8,227.56321716308597
2019-01-08,0.8,229.70120239257807
2019-01-09,0.8,230.7747802734375
2019-01-10,0.8,231.58880615234372
2019-01-11,0.8,231.67828369140625
2019-01-14,0.8,230.2648468017578
2019-01-15,0.8,232.90382385253903
2019-01-16,0.8,233.4674530029297
2019-01-17,0.8,235.2386779785156
2019-01-18,0.8,238.36973571777344
2019-01-22,0.8,235.14920043945312
2019-01-23,0.8,235.6412811279297
2019-01-24,0.8,235.7664794921875
2019-01-25,0.8,237.76141357421875
2019-01-28,0.8,235.95433044433597
2019-01-29,0.8,235.6412811279297
2019-01-30,0.8,239.37161254882807
2019-01-31,0.8,241.4739227294922
2019-02-01,0.8,241.5902557373047
2019-02-04,0.8,243.28985595703125
2019-02-05,0.8,244.30979919433597
2019-02-06,0.8,243.98764038085935
2019-02-07,0.8,241.66177368164065
2019-02-08,0.8,241.95697021484372
2019-02-11,0.8,242.09112548828125
2019-02-12,0.8,245.2043609619141
2019-02-13,0.8,246.00045776367188
2019-02-14,0.8,245.45481872558597
2019-02-15,1.0,248.1296539306641
2019-02-19,1.0,248.5589904785156
2019-02-20,1.0,249.0600128173828
2019-02-21,1.0,248.17433166503903
2019-02-22,1.0,249.7129669189453
2019-02-25,1.0,250.05294799804688
2019-02-26,1.0,249.87405395507807
2019-02-27,1.0,249.7666931152344
2019-02-28,1.0,249.3014373779297
2019-03-01,1.0,250.85801696777344
2019-03-04,1.0,249.94546508789065
2019-03-05,1.0,249.6055450439453
2019-03-06,1.0,248.09376525878903
2019-03-07,1.0,246.0183563232422
2019-03-08,1.0,245.5263519287109
2019-03-11,1.0,249.08680725097656
2019-03-12,1.0,250.026123046875
2019-03-13,1.0,251.6810760498047
2019-03-14,1.0,251.52008056640625
2019-03-15,1.0,252.7626800537109
2019-03-18,1.0,253.6791839599609
2019-03-19,1.0,253.7421112060547
2019-03-20,1.0,252.97836303710935
2019-03-21,1.0,255.83563232421875
2019-03-22,1.0,250.9117584228516
2019-03-25,1.0,250.7231292724609
2019-03-26,1.0,252.5919342041016
2019-03-27,1.0,251.27120971679688
2019-03-28,1.0,252.2235870361328
2019-03-29,1.0,253.8139495849609
2019-04-01,1.0,256.8240051269531
2019-04-02,1.0,256.9497985839844
2019-04-03,1.0,257.35418701171875
2019-04-04,1.0,258.0370178222656
2019-04-05,1.0,259.2859191894531
2019-04-08,1.0,259.4836730957031
2019-04-09,1.0,258.15380859375
2019-04-10,1.0,259.0344543457031
2019-04-11,1.0,258.9624938964844
2019-04-12,1.0,260.7145690917969
2019-04-15,1.0,260.5439758300781
2019-04-16,1.0,260.7145690917969
2019-04-17,1.0,260.0766296386719
2019-04-18,1.0,260.5888061523437
2019-04-22,1.0,260.8134460449219
2019-04-23,1.0,263.1585693359375
2019-04-24,1.0,262.5746154785156
2019-04-25,1.0,262.41278076171875
2019-04-26,1.0,263.6347961425781
2019-04-29,1.0,264.0481262207031
2019-04-30,1.0,264.182861328125
2019-05-01,1.0,262.1971740722656
2019-05-02,1.0,261.631103515625
2019-05-03,1.0,264.1918334960937
2019-05-06,1.0,263.1046447753906
2019-05-07,1.0,258.7109680175781
2019-05-08,1.0,258.3514709472656
2019-05-09,1.0,257.5697937011719
2019-05-10,1.0,258.8636474609375
2019-05-13,1.0,252.3583831787109
2019-05-14,1.0,254.64056396484372
2019-05-15,1.0,256.132080078125
2019-05-16,1.0,258.504150390625
2019-05-17,1.0,256.8330078125
2019-05-20,1.0,255.13479614257807
2019-05-21,1.0,257.4349365234375
2019-05-22,1.0,256.6444396972656
2019-05-23,1.0,253.5084991455078
2019-05-24,1.0,254.08352661132807
2019-05-28,1.0,251.7203826904297
2019-05-29,1.0,250.03118896484372
2019-05-30,1.0,250.7140045166016
2019-05-31,1.0,247.3355865478516
2019-06-03,1.0,246.70669555664065
2019-06-04,1.0,252.06190490722656
2019-06-05,1.0,254.24522399902344
2019-06-06,1.0,255.8985137939453
2019-06-07,1.0,258.4593200683594
2019-06-10,1.0,259.6454162597656
2019-06-11,1.0,259.5824279785156
2019-06-12,1.0,259.1241760253906
2019-06-13,1.0,260.1933898925781
2019-06-14,1.0,259.906005859375
2019-06-17,1.0,260.0047912597656
2019-06-18,1.0,262.72723388671875
2019-06-19,1.0,263.3202819824219
2019-06-20,1.0,265.8361511230469
2019-06-21,1.0,265.4497375488281
2019-06-24,1.0,265.124755859375
2019-06-25,1.0,262.5243530273437
2019-06-26,1.0,262.26251220703125
2019-06-27,1.0,263.19256591796875
2019-06-28,1.0,264.5468139648437
2019-07-01,1.0,266.9486083984375
2019-07-02,1.0,267.6437072753906
2019-07-03,1.0,269.7835693359375
2019-07-05,1.0,269.4765930175781
2019-07-08,1.0,267.9958801269531
2019-07-09,1.0,268.3299560546875
2019-07-10,1.0,269.61199951171875
2019-07-11,1.0,270.2440490722656
2019-07-12,1.0,271.45391845703125
2019-07-15,1.0,271.5441589355469
2019-07-16,1.0,270.66845703125
2019-07-17,1.0,268.8265686035156
2019-07-18,1.0,269.8106689453125
2019-07-19,1.0,268.3119201660156
2019-07-22,1.0,268.9709777832031
2019-07-23,1.0,270.8941345214844
2019-07-24,1.0,272.16717529296875
2019-07-25,1.0,270.8670654296875
2019-07-26,1.0,272.681884765625
2019-07-29,1.0,272.185302734375
2019-07-30,1.0,271.51715087890625
2019-07-31,1.0,268.54656982421875
2019-08-01,1.0,266.2081298828125
2019-08-02,1.0,264.2037353515625
2019-08-05,1.0,256.25830078125
2019-08-06,1.0,259.851806640625
2019-08-07,1.0,260.0053100585937
2019-08-08,1.0,265.10662841796875
2019-08-09,1.0,263.3008728027344
2019-08-12,1.0,260.0956420898437
2019-08-13,1.0,264.1404724121094
2019-08-14,1.0,256.3305358886719
2019-08-15,1.0,257.0077209472656
2019-08-16,1.0,260.7998046875
2019-08-19,1.0,263.9419250488281
2019-08-20,1.0,261.9194641113281
2019-08-21,1.0,264.0502319335937
2019-08-22,1.0,263.968994140625
2019-08-23,1.0,257.1883544921875
2019-08-26,1.0,260.0323181152344
2019-08-27,1.0,259.0121154785156
2019-08-28,1.0,260.8359680175781
2019-08-29,1.0,264.1675720214844
2019-08-30,1.0,264.0502319335937
2019-09-03,1.0,262.5063781738281
2019-09-04,1.0,265.4858093261719
2019-09-05,1.0,268.89874267578125
2019-09-06,1.0,269.1064147949219
2019-09-09,1.0,269.24188232421875
2019-09-10,1.0,269.1786804199219
2019-09-11,1.0,271.09283447265625
2019-09-12,1.0,272.03179931640625
2019-09-13,1.0,271.8512268066406
2019-09-16,1.0,271.0116271972656
2019-09-17,1.0,271.69781494140625
2019-09-18,1.0,271.8602905273437
2019-09-19,1.0,271.8422546386719
2019-09-20,1.0,270.5578308105469
2019-09-23,1.0,270.4942626953125
2019-09-24,1.0,268.37176513671875
2019-09-25,1.0,269.95916748046875
2019-09-26,1.0,269.39678955078125
2019-09-27,1.0,267.9454650878906
2019-09-30,1.0,269.1881408691406
2019-10-01,1.0,265.9862365722656
2019-10-02,1.0,261.2875366210937
2019-10-03,1.0,263.4283752441406
2019-10-04,1.0,266.9931030273437
2019-10-07,1.0,265.84100341796875
2019-10-08,1.0,261.7139587402344
2019-10-09,1.0,264.1993103027344
2019-10-10,1.0,265.9862365722656
2019-10-11,1.0,268.7436828613281
2019-10-14,1.0,268.4443054199219
2019-10-15,1.0,271.1020202636719
2019-10-16,1.0,270.6665954589844
2019-10-17,1.0,271.46484375
2019-10-18,1.0,270.2765808105469
2019-10-21,1.0,272.1088256835937
2019-10-22,1.0,271.2200012207031
2019-10-23,1.0,272.0090637207031
2019-10-24,1.0,272.4534606933594
2019-10-25,1.0,273.5692749023437
2019-10-28,1.0,275.1112365722656
2019-10-29,1.0,275.02960205078125
2019-10-30,1.0,275.8731689453125
2019-10-31,1.0,275.138427734375
2019-11-01,1.0,277.687255859375
2019-11-04,1.0,278.8029479980469
2019-11-05,1.0,278.4946594238281
2019-11-06,1.0,278.5580444335937
2019-11-07,1.0,279.5376892089844
2019-11-08,1.0,280.22705078125
2019-11-11,1.0,279.69189453125
2019-11-12,1.0,280.2814636230469
2019-11-13,1.0,280.37213134765625
2019-11-14,1.0,280.78033447265625
2019-11-15,1.0,282.81219482421875
2019-11-18,1.0,283.0207824707031
2019-11-19,1.0,282.93914794921875
2019-11-20,1.0,281.8869934082031
2019-11-21,1.0,281.4333801269531
2019-11-22,1.0,282.0593566894531
2019-11-25,1.0,284.2453918457031
2019-11-26,1.0,284.8892822265625
2019-11-27,1.0,286.1592102050781
2019-11-29,1.0,285.0979309082031
2019-12-02,1.0,282.67608642578125
2019-12-03,1.0,280.78033447265625
2019-12-04,1.0,282.5127868652344
2019-12-05,1.0,283.0207824707031
2019-12-06,1.0,285.6058654785156
2019-12-09,1.0,284.7079162597656
2019-12-10,1.0,284.3904113769531
2019-12-11,1.0,285.1977233886719
2019-12-12,1.0,287.6558532714844
2019-12-13,1.0,287.8282775878906
2019-12-16,1.0,289.8056030273437
2019-12-17,1.0,289.869140625
2019-12-18,1.0,289.8872375488281
2019-12-19,1.0,291.0754699707031
2019-12-20,1.0,292.3516540527344
2019-12-23,1.0,292.7982788085937
2019-12-24,1.0,292.8074035644531
2019-12-26,1.0,294.36602783203125
2019-12-27,1.0,294.29315185546875
2019-12-30,1.0,292.67059326171875
2019-12-31,1.0,293.381591796875
2020-01-02,1.0,296.1252746582031
2020-01-03,1.0,293.8829345703125
2020-01-06,1.0,295.00408935546875
2020-01-07,1.0,294.1746520996094
2020-01-08,1.0,295.7424621582031
2020-01-09,1.0,297.7478332519531
2020-01-10,1.0,296.8909912109375
2020-01-13,1.0,298.93280029296875
2020-01-14,1.0,298.4769897460937
2020-01-15,1.0,299.15155029296875
2020-01-16,1.0,301.6399841308594
2020-01-17,1.0,302.578857421875
2020-01-21,1.0,301.9863586425781
2020-01-22,1.0,302.0227966308594
2020-01-23,1.0,302.3692626953125
2020-01-24,1.0,299.6802978515625
2020-01-27,1.0,294.87652587890625
2020-01-28,1.0,297.966552734375
2020-01-29,1.0,297.7204895019531
2020-01-30,1.0,298.6866149902344
2020-01-31,1.0,293.2631225585937
2020-02-03,1.0,295.441650390625
2020-02-04,1.0,299.94451904296875
2020-02-05,1.0,303.4083557128906
2020-02-06,1.0,304.42926025390625
2020-02-07,1.0,302.8067932128906
2020-02-10,1.0,305.0673217773437
2020-02-11,1.0,305.59600830078125
2020-02-12,1.0,307.5648803710937
2020-02-13,1.0,307.2367858886719
2020-02-14,1.0,307.7289123535156
2020-02-18,1.0,306.9359130859375
2020-02-19,1.0,308.4034423828125
2020-02-20,1.0,307.136474609375
2020-02-21,1.0,303.97344970703125
2020-02-24,1.0,293.89208984375
2020-02-25,1.0,284.986572265625
2020-02-26,1.0,283.938232421875
2020-02-27,1.0,271.1861267089844
2020-02-28,1.0,270.0467224121094
2020-03-02,1.0,281.74151611328125
2020-03-03,1.0,273.674560546875
2020-03-04,1.0,285.1778869628906
2020-03-05,1.0,275.6982116699219
2020-03-06,1.0,271.1405029296875
2020-03-09,1.0,249.9659576416016
2020-03-10,0.0,262.9003295898437
2020-03-11,0.0,250.0844268798828
2020-03-12,0.3,226.15708923339844
2020-03-13,0.8,245.4903259277344
2020-03-16,0.8,218.6279296875
2020-03-17,0.8,230.4321136474609
2020-03-18,0.8,218.7646484375
2020-03-19,0.8,219.22950744628903
2020-03-20,0.8,209.781982421875
2020-03-23,0.8,204.4182586669922
2020-03-24,0.8,222.939208984375
2020-03-25,0.8,226.27664184570312
2020-03-26,0.8,239.48895263671875
2020-03-27,0.8,232.3555603027344
2020-03-30,0.8,239.9014587402344
2020-03-31,0.8,236.3256683349609
2020-04-01,0.8,225.68983459472656
2020-04-02,0.8,230.8977203369141
2020-04-03,0.8,227.56028747558597
2020-04-06,0.8,242.8446502685547
2020-04-07,0.8,243.09222412109372
2020-04-08,0.8,251.25247192382807
2020-04-09,0.8,255.07586669921875
2020-04-13,0.8,252.7469482421875
2020-04-14,0.8,260.20123291015625
2020-04-15,0.8,254.6724395751953
2020-04-16,0.8,255.9010162353516
2020-04-17,0.8,262.8142395019531
2020-04-20,0.8,258.1840209960937
2020-04-21,0.8,250.3447113037109
2020-04-22,0.8,255.9010162353516
2020-04-23,0.8,255.88265991210935
2020-04-24,0.8,259.4493408203125
2020-04-27,0.8,263.190185546875
2020-04-28,0.8,261.9799194335937
2020-04-29,0.8,268.8382873535156
2020-04-30,0.8,266.3350830078125
2020-05-01,0.8,259.28436279296875
2020-05-04,0.8,259.9994506835937
2020-05-05,0.8,262.40167236328125
2020-05-06,0.8,260.6230163574219
2020-05-07,0.8,263.7678527832031
2020-05-08,0.8,268.1322326660156
2020-05-11,0.8,268.18719482421875
2020-05-12,0.8,262.8417663574219
2020-05-13,0.8,258.1932983398437
2020-05-14,0.8,261.2831420898437
2020-05-15,0.8,262.4842529296875
2020-05-18,0.8,270.4794311523437
2020-05-19,0.8,267.70123291015625
2020-05-20,0.8,272.2489624023437
2020-05-21,0.8,270.36944580078125
2020-05-22,0.8,270.8829040527344
2020-05-26,0.8,274.22021484375
2020-05-27,0.8,278.3004150390625
2020-05-28,0.8,277.7869567871094
2020-05-29,0.8,279.0246887207031
2020-06-01,1.0,280.1524963378906
2020-06-02,1.0,282.4721984863281
2020-06-03,1.0,286.2313232421875
2020-06-04,1.0,285.4794616699219
2020-06-05,1.0,292.7962646484375
2020-06-08,1.0,296.33544921875
2020-06-09,1.0,294.1256408691406
2020-06-10,1.0,292.4844970703125
2020-06-11,1.0,275.6230773925781
2020-06-12,1.0,278.92388916015625
2020-06-15,1.0,281.5277709960937
2020-06-16,1.0,286.94647216796875
2020-06-17,1.0,285.7546081542969
2020-06-18,1.0,285.8646850585937
2020-06-19,1.0,284.23095703125
2020-06-22,1.0,286.05438232421875
2020-06-23,1.0,287.3713073730469
2020-06-24,1.0,280.0408020019531
2020-06-25,1.0,283.0429382324219
2020-06-26,1.0,276.3203430175781
2020-06-29,1.0,280.3815612792969
2020-06-30,1.0,283.9731140136719
2020-07-01,1.0,285.9622802734375
2020-07-02,1.0,287.5370483398437
2020-07-06,1.0,291.9758605957031
2020-07-07,1.0,288.9644775390625
2020-07-08,1.0,291.17462158203125
2020-07-09,1.0,289.51690673828125
2020-07-10,1.0,292.47314453125
2020-07-13,1.0,289.9405212402344
2020-07-14,1.0,293.697998046875
2020-07-15,1.0,296.3962707519531
2020-07-16,1.0,295.4200439453125
2020-07-17,1.0,296.2765808105469
2020-07-20,1.0,298.6709289550781
2020-07-21,1.0,299.3063659667969
2020-07-22,1.0,301.00994873046875
2020-07-23,1.0,297.41845703125
2020-07-24,1.0,295.5029602050781
2020-07-27,1.0,297.65789794921875
2020-07-28,1.0,295.7699584960937
2020-07-29,1.0,299.4075012207031
2020-07-30,1.0,298.3393859863281
2020-07-31,1.0,300.6968994140625
2020-08-03,1.0,302.787353515625
2020-08-04,1.0,303.9569396972656
2020-08-05,1.0,305.8448486328125
2020-08-06,1.0,307.8891906738281
2020-08-07,1.0,308.1102905273437
2020-08-10,1.0,309.0311279296875
2020-08-11,1.0,306.4801940917969
2020-08-12,1.0,310.7532043457031
2020-08-13,1.0,310.1915283203125
2020-08-14,1.0,310.20068359375
2020-08-17,1.0,311.1860656738281
2020-08-18,1.0,311.85845947265625
2020-08-19,1.0,310.5598449707031
2020-08-20,1.0,311.5268249511719
2020-08-21,1.0,312.6319274902344
2020-08-24,1.0,315.7999267578125
2020-08-25,1.0,316.9049072265625
2020-08-26,1.0,320.0821228027344
2020-08-27,1.0,320.7819519042969
2020-08-28,1.0,322.8540954589844
2020-08-31,1.0,321.6845703125
2020-09-01,1.0,324.71441650390625
2020-09-02,1.0,329.410888671875
2020-09-03,1.0,318.0746154785156
2020-09-04,1.0,315.4775695800781
2020-09-08,1.0,306.8577575683594
2020-09-09,1.0,312.9174194335937
2020-09-10,1.0,307.4840087890625
2020-09-11,1.0,307.6406555175781
2020-09-14,1.0,311.692626953125
2020-09-15,1.0,313.2673645019531
2020-09-16,1.0,312.0241394042969
2020-09-17,1.0,309.2798156738281
2020-09-18,1.0,305.7191162109375
2020-09-21,1.0,302.3166198730469
2020-09-22,1.0,305.3955078125
2020-09-23,1.0,298.31304931640625
2020-09-24,1.0,299.1082458496094
2020-09-25,1.0,303.9439697265625
2020-09-28,1.0,308.9922180175781
2020-09-29,1.0,307.3094787597656
2020-09-30,1.0,309.6395568847656
2020-10-01,1.0,311.6273498535156
2020-10-02,1.0,308.668701171875
2020-10-05,1.0,314.14227294921875
2020-10-06,1.0,309.6764831542969
2020-10-07,1.0,315.06689453125
2020-10-08,1.0,317.8591613769531
2020-10-09,1.0,320.6976318359375
2020-10-12,1.0,325.85699462890625
2020-10-13,1.0,323.7303771972656
2020-10-14,1.0,321.6962890625
2020-10-15,1.0,321.2987060546875
2020-10-16,1.0,321.1044311523437
2020-10-19,1.0,316.22265625
2020-10-20,1.0,317.48931884765625
2020-10-21,1.0,316.8883056640625
2020-10-22,1.0,318.6265563964844
2020-10-23,1.0,319.7083435058594
2020-10-26,1.0,313.8001403808594
2020-10-27,1.0,312.7184753417969
2020-10-28,1.0,302.030029296875
2020-10-29,1.0,305.0997314453125
2020-10-30,1.0,301.91912841796875
2020-11-02,1.0,305.3031311035156
2020-11-03,1.0,310.693603515625
2020-11-04,1.0,317.6372985839844
2020-11-05,1.0,323.83209228515625
2020-11-06,1.0,323.7581481933594
2020-11-09,1.0,327.826416015625
2020-11-10,1.0,327.3455505371094
2020-11-11,1.0,329.7773132324219
2020-11-12,1.0,326.578125
2020-11-13,1.0,331.09942626953125
2020-11-16,1.0,335.2323608398437
2020-11-17,1.0,333.429443359375
2020-11-18,1.0,329.4166259765625
2020-11-19,1.0,330.8035888671875
2020-11-20,1.0,328.53826904296875
2020-11-23,1.0,330.5077514648437
2020-11-24,1.0,335.8333435058594
2020-11-25,1.0,335.3157043457031
2020-11-27,1.0,336.2493896484375
2020-11-30,1.0,334.7608337402344
2020-12-01,1.0,338.4222717285156
2020-12-02,1.0,339.1342163085937
2020-12-03,1.0,339.041748046875
2020-12-04,1.0,341.9635009765625
2020-12-07,1.0,341.2607421875
2020-12-08,1.0,342.2593994140625
2020-12-09,1.0,339.18975830078125
2020-12-10,1.0,339.0787353515625
2020-12-11,1.0,338.68121337890625
2020-12-14,1.0,337.1648254394531
2020-12-15,1.0,341.7230834960937
2020-12-16,1.0,342.2593994140625
2020-12-17,1.0,344.1733093261719
2020-12-18,1.0,342.799072265625
2020-12-21,1.0,341.5733642578125
2020-12-22,1.0,340.9977111816406
2020-12-23,1.0,341.3041381835937
2020-12-24,1.0,342.6319274902344
2020-12-28,1.0,345.575439453125
2020-12-29,1.0,344.9161071777344
2020-12-30,1.0,345.40826416015625
2020-12-31,1.0,347.1631774902344
2021-01-04,1.0,342.4369812011719
2021-01-05,1.0,344.7953491210937
2021-01-06,1.0,346.8568420410156
2021-01-07,1.0,352.0101928710937
2021-01-08,1.0,354.0158386230469
2021-01-11,1.0,351.62945556640625
2021-01-12,1.0,351.7037658691406
2021-01-13,1.0,352.6509094238281
2021-01-14,1.0,351.4159851074219
2021-01-15,1.0,348.8531188964844
2021-01-19,1.0,351.5923156738281
2021-01-20,1.0,356.4578857421875
2021-01-21,1.0,356.78289794921875
2021-01-22,1.0,355.5201721191406
2021-01-25,1.0,356.9222412109375
2021-01-26,1.0,356.3650817871094
2021-01-27,1.0,347.65533447265625
2021-01-28,1.0,350.645263671875
2021-01-29,1.0,343.6255187988281
2021-02-01,1.0,349.34527587890625
2021-02-02,1.0,354.2850952148437
2021-02-03,1.0,354.5636901855469
2021-02-04,1.0,358.59356689453125
2021-02-05,1.0,360.00494384765625
2021-02-08,1.0,362.6048583984375
2021-02-09,1.0,362.3634643554688
2021-02-10,1.0,362.2055358886719
2021-02-11,1.0,362.7905578613281
2021-02-12,1.0,364.5826721191406
2021-02-16,1.0,364.2669677734375
2021-02-17,1.0,364.3504943847656
2021-02-18,1.0,362.7998352050781
2021-02-19,1.0,362.1590881347656
2021-02-22,1.0,359.3735046386719
2021-02-23,1.0,359.8099670410156
2021-02-24,1.0,363.7748107910156
2021-02-25,1.0,355.0093688964844
2021-02-26,1.0,353.1801147460937
2021-03-01,1.0,361.7413024902344
2021-03-02,1.0,358.9185791015625
2021-03-03,1.0,354.1644592285156
2021-03-04,1.0,349.7817077636719
2021-03-05,1.0,356.2165222167969
2021-03-08,1.0,354.4429626464844
2021-03-09,1.0,359.5035705566406
2021-03-10,1.0,361.7413024902344
2021-03-11,1.0,365.4090576171875
2021-03-12,1.0,365.9011535644531
2021-03-15,1.0,368.0832214355469
2021-03-16,1.0,367.6189575195313
2021-03-17,1.0,368.87249755859375
2021-03-18,1.0,363.5055847167969
2021-03-19,1.0,362.8329772949219
2021-03-22,1.0,365.7301940917969
2021-03-23,1.0,362.8516540527344
2021-03-24,1.0,361.0069580078125
2021-03-25,1.0,363.0379638671875
2021-03-26,1.0,368.88818359375
2021-03-29,1.0,368.701904296875
2021-03-30,1.0,367.7237243652344
2021-03-31,1.0,369.21429443359375
2021-04-01,1.0,373.2013854980469
2021-04-05,1.0,378.5580749511719
2021-04-06,1.0,378.3345031738281
2021-04-07,1.0,378.7722778320313
2021-04-08,1.0,380.57025146484375
2021-04-09,1.0,383.3370666503906
2021-04-12,1.0,383.4767761230469
2021-04-13,1.0,384.6134033203125
2021-04-14,1.0,383.2998352050781
2021-04-15,1.0,387.4173889160156
2021-04-16,1.0,388.7123107910156
2021-04-19,1.0,386.8025207519531
2021-04-20,1.0,383.9705810546875
2021-04-21,1.0,387.6037902832031
2021-04-22,1.0,384.0636901855469
2021-04-23,1.0,388.2279052734375
2021-04-26,1.0,389.0384826660156
2021-04-27,1.0,388.95452880859375
2021-04-28,1.0,388.8427734375
2021-04-29,1.0,391.32073974609375
2021-04-30,1.0,388.7495422363281
2021-05-03,1.0,389.5880432128906
2021-05-04,1.0,387.18450927734375
2021-05-05,1.0,387.30560302734375
2021-05-06,1.0,390.3984680175781
2021-05-07,1.0,393.23974609375
2021-05-10,1.0,389.34576416015625
2021-05-11,1.0,385.8710632324219
2021-05-12,1.0,377.6731262207031
2021-05-13,1.0,382.20989990234375
2021-05-14,1.0,388.0788879394531
2021-05-17,1.0,387.0912780761719
2021-05-18,1.0,383.7563171386719
2021-05-19,1.0,382.7501525878906
2021-05-20,1.0,386.8677673339844
2021-05-21,1.0,386.551025390625
2021-05-24,1.0,390.49163818359375
2021-05-25,1.0,389.6253051757813
2021-05-26,1.0,390.3984680175781
2021-05-27,1.0,390.60345458984375
2021-05-28,1.0,391.3021240234375
2021-06-01,1.0,390.95751953125
2021-06-02,1.0,391.57220458984375
2021-06-03,1.0,390.1189270019531
2021-06-04,1.0,393.68701171875
2021-06-07,1.0,393.3049621582031
2021-06-08,1.0,393.388916015625
2021-06-09,1.0,392.8019104003906
2021-06-10,1.0,394.6278991699219
2021-06-11,1.0,395.2799682617188
2021-06-14,1.0,396.1650390625
2021-06-15,1.0,395.4382934570313
2021-06-16,1.0,393.23052978515625
2021-06-17,1.0,393.10003662109375
2021-06-18,1.0,387.7969970703125
2021-06-21,1.0,393.3486328125
2021-06-22,1.0,395.4516906738281
2021-06-23,1.0,394.9749450683594
2021-06-24,1.0,397.3115539550781
2021-06-25,1.0,398.7228393554688
2021-06-28,1.0,399.5265502929688
2021-06-29,1.0,399.7416687011719
2021-06-30,1.0,400.078125
2021-07-01,1.0,402.2930603027344
2021-07-02,1.0,405.3680419921875
2021-07-06,1.0,404.629638671875
2021-07-07,1.0,406.0596923828125
2021-07-08,1.0,402.7510681152344
2021-07-09,1.0,407.0503540039063
2021-07-12,1.0,408.5084228515625
2021-07-13,1.0,407.1158142089844
2021-07-14,1.0,407.7232666015625
2021-07-15,1.0,406.3307189941406
2021-07-16,1.0,403.1435546875
2021-07-19,1.0,397.1900024414063
2021-07-20,1.0,402.8818664550781
2021-07-21,1.0,406.1438293457031
2021-07-22,1.0,406.9942932128906
2021-07-23,1.0,411.1814575195313
2021-07-26,1.0,412.19085693359375
2021-07-27,1.0,410.3122253417969
2021-07-28,1.0,410.1440124511719
2021-07-29,1.0,411.8450317382813
2021-07-30,1.0,409.8449401855469
2021-08-02,1.0,408.9850463867188
2021-08-03,1.0,412.3123168945313
2021-08-04,1.0,410.28424072265625
2021-08-05,1.0,412.8824462890625
2021-08-06,1.0,413.5647888183594
2021-08-09,1.0,413.2283325195313
2021-08-10,1.0,413.7423400878906
2021-08-11,1.0,414.7704162597656
2021-08-12,1.0,416.0134582519531
2021-08-13,1.0,416.7705383300781
2021-08-16,1.0,417.7518615722656
2021-08-17,1.0,415.013427734375
2021-08-18,1.0,410.4710998535156
2021-08-19,1.0,411.106689453125
2021-08-20,1.0,414.37786865234375
2021-08-23,1.0,418.0229797363281
2021-08-24,1.0,418.6865234375
2021-08-25,1.0,419.5650634765625
2021-08-26,1.0,417.0882873535156
2021-08-27,1.0,420.8175048828125
2021-08-30,1.0,422.6680603027344
2021-08-31,1.0,422.0418090820313
2021-09-01,1.0,422.2661743164063
2021-09-02,1.0,423.5652770996094
2021-09-03,1.0,423.4624938964844
2021-09-07,1.0,421.9484252929688
2021-09-08,1.0,421.4343566894531
2021-09-09,1.0,419.6305236816406
2021-09-10,1.0,416.3219299316406
2021-09-13,1.0,417.3873901367188
2021-09-14,1.0,415.1349182128906
2021-09-15,1.0,418.6023864746094
2021-09-16,1.0,417.9388122558594
2021-09-17,1.0,413.8676452636719
2021-09-20,1.0,406.96673583984375
2021-09-21,1.0,406.5823059082031
2021-09-22,1.0,410.5484619140625
2021-09-23,1.0,415.5366516113281
2021-09-24,1.0,416.2210693359375
2021-09-27,1.0,415.03033447265625
2021-09-28,1.0,406.6667175292969
2021-09-29,1.0,407.3511962890625
2021-09-30,1.0,402.3723449707031
2021-10-01,1.0,407.15423583984375
2021-10-04,1.0,401.9036254882813
2021-10-05,1.0,406.08538818359375
2021-10-06,1.0,407.7731628417969
2021-10-07,1.0,411.2985534667969
2021-10-08,1.0,410.5484619140625
2021-10-11,1.0,407.5762023925781
2021-10-12,1.0,406.5729370117188
2021-10-13,1.0,408.03564453125
2021-10-14,1.0,414.8990478515625
2021-10-15,1.0,418.0588684082031
2021-10-18,1.0,419.2965393066406
2021-10-19,1.0,422.5313415527344
2021-10-20,1.0,424.1909484863281
2021-10-21,1.0,425.29736328125
2021-10-22,1.0,424.8566589355469
2021-10-25,1.0,427.135009765625
2021-10-26,1.0,427.51947021484375
2021-10-27,1.0,425.6255187988281
2021-10-28,1.0,429.7322692871094
2021-10-29,1.0,430.6042785644531
2021-11-01,1.0,431.3450012207031
2021-11-02,1.0,433.0889587402344
2021-11-03,1.0,435.7331237792969
2021-11-04,1.0,437.7864685058594
2021-11-05,1.0,439.305419921875
2021-11-08,1.0,439.6805419921875
2021-11-09,1.0,438.2271728515625
2021-11-10,1.0,434.70166015625
2021-11-11,1.0,434.84228515625
2021-11-12,1.0,438.1239929199219
2021-11-15,1.0,438.2739868164063
2021-11-16,1.0,440.0086669921875
2021-11-17,1.0,438.9397888183594
2021-11-18,1.0,440.4305419921875
2021-11-19,1.0,439.6429748535156
2021-11-22,1.0,438.4053039550781
2021-11-23,1.0,438.9866333007813
2021-11-24,1.0,440.1586608886719
2021-11-26,1.0,430.3417053222656
2021-11-29,1.0,435.62054443359375
2021-11-30,1.0,427.1444396972656
2021-12-01,1.0,422.4000244140625
2021-12-02,1.0,428.8697204589844
2021-12-03,1.0,425.1379699707031
2021-12-06,1.0,430.1729431152344
2021-12-07,1.0,439.0711059570313
2021-12-08,1.0,440.2337341308594
2021-12-09,1.0,437.2615051269531
2021-12-10,1.0,441.3775329589844
2021-12-13,1.0,437.4677734375
2021-12-14,1.0,434.45794677734375
2021-12-15,1.0,441.2462768554688
2021-12-16,1.0,437.3551940917969
2021-12-17,1.0,432.7004089355469
2021-12-20,1.0,428.099365234375
2021-12-21,1.0,435.7019653320313
2021-12-22,1.0,440.0584716796875
2021-12-23,1.0,442.7964782714844
2021-12-27,1.0,449.0630493164063
2021-12-28,1.0,448.6960754394531
2021-12-29,1.0,449.2701110839844
2021-12-30,1.0,448.0280151367188
2021-12-31,1.0,446.89886474609375
2022-01-03,1.0,449.4864196777344
2022-01-04,1.0,449.3359375
2022-01-05,1.0,440.7076416015625
2022-01-06,1.0,440.2936706542969
2022-01-07,1.0,438.552978515625
2022-01-10,1.0,438.0072021484375
2022-01-11,1.0,441.9966735839844
2022-01-12,1.0,443.191650390625
2022-01-13,1.0,437.0851745605469
2022-01-14,1.0,437.263916015625
2022-01-18,1.0,429.5201416015625
2022-01-19,1.0,425.0601501464844
2022-01-20,1.0,420.3555908203125
2022-01-21,1.0,412.103759765625
2022-01-24,1.0,413.8538818359375
2022-01-25,0.0,408.8010864257813
2022-01-26,0.8,407.7755126953125
2022-01-27,0.8,405.7619934082031
2022-01-28,0.8,415.8392028808594
2022-01-31,0.8,423.3288879394531
2022-02-01,0.8,426.1893005371094
2022-02-02,0.8,430.3292846679688
2022-02-03,1.0,420.2144470214844
2022-02-04,1.0,422.1903991699219
2022-02-07,1.0,420.8355102539063
2022-02-08,0.0,424.2980346679688
2022-02-09,1.0,430.508056640625
2022-02-10,1.0,422.7737426757813
2022-02-11,1.0,414.4371948242188
2022-02-14,1.0,413.0822143554688
2022-02-15,0.0,419.7439880371094
2022-02-16,1.0,420.2144470214844
2022-02-17,0.0,411.2381286621094
2022-02-18,0.0,408.5753173828125
2022-02-22,0.0,404.190673828125
2022-02-23,0.0,397.0207824707031
2022-02-24,0.3,402.9956359863281
2022-02-25,0.3,411.8872680664063
2022-02-28,0.3,410.8334655761719
2022-03-01,0.3,404.576416015625
2022-03-02,0.3,412.0190734863281
2022-03-03,0.3,409.9678955078125
2022-03-04,0.3,406.636962890625
2022-03-07,0.3,394.6496276855469
2022-03-08,0.3,391.6575927734375
2022-03-09,0.3,402.158203125
2022-03-10,0.3,400.3421936035156
2022-03-11,0.3,395.25189208984375
2022-03-14,0.3,392.3632507324219
2022-03-15,0.3,400.991455078125
2022-03-16,0.3,409.8831787109375
2022-03-17,0.3,415.0111999511719
2022-03-18,0.3,419.55670166015625
2022-03-21,0.3,419.43402099609375
2022-03-22,0.3,424.3419494628906
2022-03-23,0.3,418.8771362304688
2022-03-24,0.3,425.1914367675781
2022-03-25,0.3,427.2678833007813
2022-03-28,0.3,430.3070373535156
2022-03-29,1.0,435.63037109375
2022-03-30,1.0,432.9403991699219
2022-03-31,1.0,426.2769775390625
2022-04-01,1.0,427.4850463867188
2022-04-04,1.0,431.1471252441406
2022-04-05,1.0,425.7011413574219
2022-04-06,1.0,421.4443664550781
2022-04-07,1.0,423.5680236816406
2022-04-08,1.0,422.43548583984375
2022-04-11,0.0,415.2150573730469
2022-04-12,0.0,413.6766052246094
2022-04-13,1.0,418.4146423339844
2022-04-14,0.0,413.2046813964844
2022-04-18,1.0,413.3745727539063
2022-04-19,0.0,420.0475158691406
2022-04-20,0.0,419.7360229492188
2022-04-21,0.0,413.4595031738281
2022-04-22,0.0,402.1144714355469
2022-04-25,0.0,404.4457702636719
2022-04-26,0.0,392.7327880859375
2022-04-27,0.3,393.8370056152344
2022-04-28,0.3,403.7851257324219
2022-04-29,0.3,388.8630065917969
2022-05-02,0.3,391.2036743164063
2022-05-03,0.3,392.99700927734375
2022-05-04,0.3,404.96490478515625
2022-05-05,0.3,390.5713195800781
2022-05-06,0.3,388.2400512695313
2022-05-09,0.3,375.8096618652344
2022-05-10,0.3,376.677978515625
2022-05-11,0.3,370.6940612792969
2022-05-12,0.3,370.3069763183594
2022-05-13,0.3,379.1602478027344
2022-05-16,0.3,377.6217956542969
2022-05-17,0.3,385.3895568847656
2022-05-18,0.3,369.8539123535156
2022-05-19,0.3,367.5887756347656
2022-05-20,0.3,367.7491760253906
2022-05-23,0.3,374.6298522949219
2022-05-24,0.3,371.77001953125
2022-05-25,0.3,375.0545959472656
2022-05-26,0.3,382.5486450195313
2022-05-27,0.3,391.9399108886719
2022-05-31,0.3,389.7407531738281
2022-06-01,0.3,386.5882568359375
2022-06-02,0.3,393.9502868652344
2022-06-03,0.3,387.4849548339844
2022-06-06,0.3,388.664794921875
2022-06-07,0.3,392.3929443359375
2022-06-08,0.3,388.1268310546875
2022-06-09,0.3,378.89599609375
2022-06-10,0.3,367.9096374511719
2022-06-13,0.3,353.9407958984375
2022-06-14,0.3,352.874267578125
2022-06-15,0.3,357.9049072265625
2022-06-16,0.3,346.0596923828125
2022-06-17,0.3,346.80572509765625
2022-06-21,0.3,355.5360107421875
2022-06-22,0.3,354.8915100097656
2022-06-23,0.3,358.3703918457031
2022-06-24,0.3,369.7642517089844
2022-06-27,0.3,368.3520202636719
2022-06-28,0.3,360.8255615234375
2022-06-29,0.3,360.5315856933594
2022-06-30,0.3,357.6025695800781
2022-07-01,0.3,361.384765625
2022-07-05,0.3,362.0672302246094
2022-07-06,0.3,363.2900695800781
2022-07-07,0.3,368.7311096191406
2022-07-08,0.3,368.427734375
2022-07-11,0.3,364.2190246582031
2022-07-12,0.3,360.99609375
2022-07-13,0.3,359.1001892089844
2022-07-14,0.3,358.2281799316406
2022-07-15,0.3,365.07220458984375
2022-07-18,0.3,362.0578308105469
2022-07-19,0.3,371.8403015136719
2022-07-20,0.3,374.2101440429688
2022-07-21,0.3,378.0207214355469
2022-07-22,0.3,374.513427734375
2022-07-25,0.3,374.9684753417969
2022-07-26,0.3,370.53216552734375
2022-07-27,0.3,380.153564453125
2022-07-28,0.3,384.9216003417969
2022-07-29,0.3,390.5332946777344
2022-08-01,0.3,389.3768005371094
2022-08-02,0.3,386.8079528808594
2022-08-03,0.3,392.8652038574219
2022-08-04,0.3,392.5997314453125
2022-08-05,0.3,391.9361267089844
2022-08-08,0.3,391.481201171875
2022-08-09,0.3,389.9266052246094
2022-08-10,0.3,398.1165771484375
2022-08-11,0.3,398.1165771484375
2022-08-12,0.3,404.8563537597656
2022-08-15,1.0,406.5246887207031
2022-08-16,1.0,407.3209838867188
2022-08-17,1.0,404.4297790527344
2022-08-18,1.0,405.6051635742188
2022-08-19,1.0,400.1546630859375
2022-08-22,1.0,391.8224792480469
2022-08-23,1.0,390.87451171875
2022-08-24,1.0,392.1257934570313
2022-08-25,0.0,397.66162109375
2022-08-26,0.0,384.201171875
2022-08-29,0.0,381.6607666015625
2022-08-30,0.0,377.4709777832031
2022-08-31,0.0,374.5987243652344
2022-09-01,0.0,375.7741394042969
2022-09-02,0.0,371.8118591308594
2022-09-06,0.0,370.4089660644531
2022-09-07,0.3,377.0633239746094
2022-09-08,0.3,379.5279541015625
2022-09-09,0.3,385.4240112304688
2022-09-12,0.3,389.5663757324219
2022-09-13,0.3,372.6271667480469
2022-09-14,0.3,374.0489501953125
2022-09-15,0.3,369.8022766113281
2022-09-16,0.3,366.9811096191406
2022-09-19,0.3,369.8269958496094
2022-09-20,0.3,365.5819396972656
2022-09-21,0.3,359.204833984375
2022-09-22,0.3,356.18756103515625
2022-09-23,0.3,350.2196960449219
2022-09-26,0.8,346.7550354003906
2022-09-27,0.8,345.8699645996094
2022-09-28,0.8,352.6753234863281
2022-09-29,0.8,345.3083801269531
2022-09-30,0.8,339.9685974121094
2022-10-03,0.8,348.9442443847656
2022-10-04,0.8,359.7568054199219
2022-10-05,0.8,358.9192199707031
2022-10-06,0.8,355.21661376953125
2022-10-07,0.8,345.3083801269531
2022-10-10,0.8,342.6717529296875
2022-10-11,0.8,340.5016784667969
2022-10-12,0.8,339.37847900390625
2022-10-13,0.8,348.33502197265625
2022-10-14,0.8,340.3969116210937
2022-10-17,0.8,349.14410400390625
2022-10-18,0.8,353.2463684082031
2022-10-19,0.8,350.7431640625
2022-10-20,0.8,347.8020935058594
2022-10-21,0.8,356.254150390625
2022-10-24,0.8,360.6134643554688
2022-10-25,0.8,366.3719482421875
2022-10-26,0.8,363.6116638183594
2022-10-27,0.8,361.66998291015625
2022-10-28,0.8,370.27435302734375
2022-10-31,0.8,367.5997314453125
2022-11-01,0.8,365.99114990234375
2022-11-02,0.8,356.80615234375
2022-11-03,0.8,353.1322631835937
2022-11-04,0.8,358.2149353027344
2022-11-07,0.8,361.6414184570313
2022-11-08,0.8,363.5926208496094
2022-11-09,0.8,356.1019287109375
2022-11-10,0.8,375.6711730957031
2022-11-11,0.8,379.3070983886719
2022-11-14,0.8,376.0803527832031
2022-11-15,1.0,379.2879943847656
2022-11-16,1.0,376.39459228515625
2022-11-17,1.0,375.2427673339844
2022-11-18,1.0,376.9465942382813
2022-11-21,1.0,375.5759582519531
2022-11-22,1.0,380.6300964355469
2022-11-23,1.0,383.0286254882813
2022-11-25,1.0,382.9429931640625
2022-11-28,1.0,376.8323974609375
2022-11-29,1.0,376.1851501464844
2022-11-30,1.0,388.03521728515625
2022-12-01,1.0,387.7496643066406
2022-12-02,1.0,387.3022766113281
2022-12-05,1.0,380.3350524902344
2022-12-06,1.0,374.8525695800781
2022-12-07,1.0,374.2148132324219
2022-12-08,1.0,377.1464538574219
2022-12-09,1.0,374.3290710449219
2022-12-12,1.0,379.7258605957031
2022-12-13,1.0,382.6004028320313
2022-12-14,1.0,380.1542053222656
2022-12-15,1.0,370.85498046875
2022-12-16,1.0,366.47662353515625
2022-12-19,1.0,363.3690185546875
2022-12-20,0.0,363.8662109375
2022-12-21,1.0,369.3070068359375
2022-12-22,0.0,364.0384216308594
2022-12-23,1.0,366.1323852539063
2022-12-27,0.0,364.68853759765625
2022-12-28,0.0,360.1562194824219
2022-12-29,1.0,366.63916015625
2022-12-30,0.0,365.6734008789063
2023-01-03,0.0,364.1340026855469
2023-01-04,1.0,366.9451599121094
2023-01-05,0.0,362.7570495605469
2023-01-06,1.0,371.0758056640625
2023-01-09,1.0,370.8654479980469
2023-01-10,1.0,373.4662780761719
2023-01-11,1.0,378.18988037109375
2023-01-12,1.0,379.5667114257813
2023-01-13,1.0,381.039306640625
2023-01-17,1.0,380.34124755859375
2023-01-18,1.0,374.33642578125
2023-01-19,1.0,371.6112976074219
2023-01-20,1.0,378.53411865234375
2023-01-23,1.0,383.075927734375
2023-01-24,1.0,382.6648254394531
2023-01-25,1.0,382.8082275390625
2023-01-26,1.0,387.0154724121094
2023-01-27,1.0,387.90472412109375
2023-01-30,1.0,383.0377197265625
2023-01-31,1.0,388.6696472167969
2023-02-01,1.0,392.8003540039063
2023-02-02,1.0,398.5182800292969
2023-02-03,1.0,394.2823791503906
2023-02-06,1.0,391.8728637695313
2023-02-07,1.0,396.9980163574219
2023-02-08,1.0,392.6569213867188
2023-02-09,1.0,389.25286865234375
2023-02-10,1.0,390.1613159179688
2023-02-13,1.0,394.7413635253906
2023-02-14,1.0,394.5597229003906
2023-02-15,1.0,395.8410949707031
2023-02-16,1.0,390.3907165527344
2023-02-17,1.0,389.4154357910156
2023-02-21,1.0,381.6033935546875
2023-02-22,1.0,381.0775451660156
2023-02-23,1.0,383.1046447753906
2023-02-24,1.0,379.0121765136719
2023-02-27,1.0,380.3030700683594
2023-02-28,1.0,378.8974914550781
2023-03-01,1.0,377.4440307617188
2023-03-02,1.0,380.3795166015625
2023-03-03,1.0,386.4799499511719
2023-03-06,1.0,386.7477416992188
2023-03-07,1.0,380.8193664550781
2023-03-08,1.0,381.4408874511719
2023-03-09,1.0,374.4034423828125
2023-03-10,1.0,369.0009460449219
2023-03-13,1.0,368.47503662109375
2023-03-14,0.0,374.56591796875
2023-03-15,0.0,372.2232971191406
2023-03-16,1.0,378.7540283203125
2023-03-17,1.0,374.3253173828125
2023-03-20,1.0,377.9246826171875
2023-03-21,1.0,382.8870239257813
2023-03-22,1.0,376.3601989746094
2023-03-23,1.0,377.3776245117188
2023-03-24,1.0,379.85394287109375
2023-03-27,1.0,380.5642395019531
2023-03-28,1.0,379.7099914550781
2023-03-29,1.0,385.2290649414063
2023-03-30,1.0,387.4846801757813
2023-03-31,1.0,392.9461669921875
2023-04-03,1.0,394.4434509277344
2023-04-04,1.0,392.2550659179688
2023-04-05,1.0,391.2279968261719
2023-04-06,1.0,392.754150390625
2023-04-10,1.0,393.1572570800781
2023-04-11,1.0,393.2628479003906
2023-04-12,1.0,391.6599426269531
2023-04-13,1.0,396.8622131347656
2023-04-14,1.0,395.8927917480469
2023-04-17,1.0,397.3134460449219
2023-04-18,1.0,397.572509765625
2023-04-19,1.0,397.50537109375
2023-04-20,1.0,395.3360900878906
2023-04-21,1.0,395.6432495117188
2023-04-24,1.0,396.0559692382813
2023-04-25,1.0,389.76898193359375
2023-04-26,1.0,388.1181945800781
2023-04-27,1.0,395.8448181152344
2023-04-28,1.0,399.223388671875
2023-05-01,1.0,398.8202819824219
2023-05-02,1.0,394.337890625
2023-05-03,1.0,391.6311340332031
2023-05-04,1.0,388.8572692871094
2023-05-05,1.0,396.0559692382813
2023-05-08,1.0,396.1615295410156
2023-05-09,1.0,394.42425537109375
2023-05-10,1.0,396.2671203613281
2023-05-11,1.0,395.5760498046875
2023-05-12,1.0,395.0577087402344
2023-05-15,1.0,396.4207153320313
2023-05-16,1.0,393.7716064453125
2023-05-17,1.0,398.551513671875
2023-05-18,1.0,402.390869140625
2023-05-19,1.0,401.8052978515625
2023-05-22,1.0,401.9685974121094
2023-05-23,1.0,397.4573059082031
2023-05-24,1.0,394.5778503417969
2023-05-25,1.0,397.9948425292969
2023-05-26,1.0,403.1491394042969
2023-05-30,1.0,403.302734375
2023-05-31,1.0,401.0663146972656
2023-06-01,1.0,404.8768310546875
2023-06-02,1.0,410.73187255859375
2023-06-05,1.0,409.94476318359375
2023-06-06,1.0,410.83740234375
2023-06-07,1.0,409.4168395996094
2023-06-08,1.0,411.8932800292969
2023-06-09,1.0,412.6322326660156
2023-06-12,1.0,416.3756103515625
2023-06-13,1.0,419.1207885742188
2023-06-14,1.0,419.6198425292969
2023-06-15,1.0,424.8221740722656
2023-06-16,1.0,423.3750915527344
2023-06-20,1.0,421.1786193847656
2023-06-21,1.0,419.02056884765625
2023-06-22,1.0,420.5331115722656
2023-06-23,1.0,417.3538818359375
2023-06-26,1.0,415.6487426757813
2023-06-27,1.0,420.2056274414063
2023-06-28,1.0,420.4176025390625
2023-06-29,1.0,422.0744934082031
2023-06-30,1.0,427.0553894042969
2023-07-03,1.0,427.5467224121094
2023-07-05,1.0,426.9107971191406
2023-07-06,1.0,423.5678405761719
2023-07-07,1.0,422.49847412109375
2023-07-10,1.0,423.5678405761719
2023-07-11,1.0,426.265380859375
2023-07-12,1.0,429.6949768066406
2023-07-13,1.0,433.10552978515625
2023-07-14,1.0,432.8358154296875
2023-07-17,1.0,434.3385925292969
2023-07-18,1.0,437.5660400390625
2023-07-19,1.0,438.5390930175781
2023-07-20,1.0,435.6296081542969
2023-07-21,1.0,435.6296081542969
2023-07-24,1.0,437.57568359375
2023-07-25,1.0,438.7702331542969
2023-07-26,1.0,438.8377075195313
2023-07-27,1.0,435.92822265625
2023-07-28,1.0,440.1961059570313
2023-07-31,1.0,441.0342712402344
2023-08-01,1.0,439.7722473144531
2023-08-02,1.0,433.6546325683594
2023-08-03,1.0,432.4118347167969
2023-08-04,1.0,430.4561462402344
2023-08-07,1.0,434.2133483886719
2023-08-08,1.0,432.3250427246094
2023-08-09,1.0,429.4349060058594
2023-08-10,1.0,429.589111328125
2023-08-11,1.0,429.3385620117188
2023-08-14,1.0,431.7085266113281
2023-08-15,1.0,426.6796569824219
2023-08-16,1.0,423.548583984375
2023-08-17,1.0,420.3211669921875
2023-08-18,1.0,420.5234680175781
2023-08-21,1.0,423.259521484375
2023-08-22,1.0,422.1130981445313
2023-08-23,1.0,426.8144836425781
2023-08-24,1.0,420.8992309570313
2023-08-25,1.0,423.8664855957031
2023-08-28,1.0,426.5544128417969
2023-08-29,1.0,432.72015380859375
2023-08-30,1.0,434.5024108886719
2023-08-31,1.0,433.86663818359375
2023-09-01,1.0,434.67578125
2023-09-05,1.0,432.7972106933594
2023-09-06,1.0,429.88775634765625
2023-09-07,1.0,428.5678405761719
2023-09-08,1.0,429.21331787109375
2023-09-11,1.0,432.0361022949219
2023-09-12,1.0,429.6661071777344
2023-09-13,1.0,430.1671142578125
2023-09-14,1.0,433.876220703125
2023-09-15,1.0,428.6487121582031
2023-09-18,1.0,428.9000854492188
2023-09-19,1.0,428.0106201171875
2023-09-20,1.0,424.0757446289063
2023-09-21,1.0,417.0664978027344
2023-09-22,1.0,416.1287231445313
2023-09-25,1.0,417.8785705566406
2023-09-26,1.0,411.7394409179688
2023-09-27,1.0,411.9037780761719
2023-09-28,1.0,414.2918090820313
2023-09-29,1.0,413.2862854003906
2023-10-02,1.0,413.1219482421875
2023-10-03,1.0,407.59185791015625
2023-10-04,1.0,410.5599670410156
2023-10-05,1.0,410.40521240234375
2023-10-06,1.0,415.2779541015625
2023-10-09,1.0,417.9366760253906
2023-10-10,1.0,420.1119079589844
2023-10-11,1.0,421.8327941894531
2023-10-12,1.0,419.2611389160156
2023-10-13,1.0,417.1728210449219
2023-10-16,1.0,421.5621337890625
2023-10-17,1.0,421.542724609375
2023-10-18,1.0,415.9256896972656
2023-10-19,1.0,412.2711791992188
2023-10-20,1.0,407.20513916015625
2023-10-23,1.0,406.4993286132813
2023-10-24,0.0,409.5641479492188
2023-10-25,0.0,403.68603515625
2023-10-26,0.3,398.85205078125
2023-10-27,0.3,397.0441284179688
2023-10-30,0.8,401.7911376953125
2023-10-31,0.8,404.3144836425781
2023-11-01,0.8,408.6263732910156
2023-11-02,0.8,416.4573974609375
2023-11-03,0.8,420.2569580078125
2023-11-06,0.8,421.2237243652344
2023-11-07,1.0,422.4225463867188
2023-11-08,1.0,422.73193359375
2023-11-09,1.0,419.4351196289063
2023-11-10,1.0,425.9803466796875
2023-11-13,1.0,425.5743103027344
2023-11-14,1.0,433.8307495117188
2023-11-15,1.0,434.7492065429688
2023-11-16,1.0,435.2808837890625
2023-11-17,1.0,435.8223571777344
2023-11-20,1.0,439.1771240234375
2023-11-21,1.0,438.2200317382813
2023-11-22,1.0,439.9118347167969
2023-11-24,1.0,440.1826171875
2023-11-27,1.0,439.3898315429688
2023-11-28,1.0,439.8249206542969
2023-11-29,1.0,439.5155334472656
2023-11-30,1.0,441.24609375
2023-12-01,1.0,443.8564147949219
2023-12-04,1.0,441.52642822265625
2023-12-05,1.0,441.439453125
2023-12-06,1.0,439.6605224609375
2023-12-07,1.0,443.0153198242188
2023-12-08,1.0,444.919921875
2023-12-11,1.0,446.6504211425781
2023-12-12,1.0,448.6903991699219
2023-12-13,1.0,454.87786865234375
2023-12-14,1.0,456.3377990722656
2023-12-15,1.0,455.5863952636719
2023-12-18,1.0,458.149169921875
2023-12-19,1.0,460.93505859375
2023-12-20,1.0,454.54779052734375
2023-12-21,1.0,458.8577575683594
2023-12-22,1.0,459.7799072265625
2023-12-26,1.0,461.7213439941406
2023-12-27,1.0,462.5561828613281
2023-12-28,1.0,462.7309265136719
2023-12-29,1.0,461.3912963867188
2024-01-02,1.0,458.8092041015625
2024-01-03,1.0,455.0623168945313
2024-01-04,1.0,453.5964050292969
2024-01-05,1.0,454.2177429199219
2024-01-08,1.0,460.7021179199219
2024-01-09,1.0,460.0031433105469
2024-01-10,1.0,462.6046752929688
2024-01-11,1.0,462.4008483886719
2024-01-12,1.0,462.7211608886719
2024-01-16,1.0,461.02239990234375
2024-01-17,1.0,458.4597778320313
2024-01-18,1.0,462.5367736816406
2024-01-19,1.0,468.30279541015625
2024-01-22,1.0,469.29296875
2024-01-23,1.0,470.6616516113281
2024-01-24,1.0,471.1761169433594
2024-01-25,1.0,473.7388000488281
2024-01-26,1.0,473.136962890625
2024-01-29,1.0,476.8839416503906
2024-01-30,1.0,476.5151062011719
2024-01-31,1.0,468.7396545410156
2024-02-01,1.0,474.8745727539063
2024-02-02,1.0,479.8737487792969
2024-02-05,1.0,478.1264953613281
2024-02-06,1.0,479.5146179199219
2024-02-07,1.0,483.5139770507813
2024-02-08,1.0,483.7275390625
2024-02-09,1.0,486.523193359375
2024-02-12,1.0,486.3096008300781
2024-02-13,1.0,479.6116638183594
2024-02-14,1.0,483.97021484375
2024-02-15,1.0,487.3094482421875
2024-02-16,1.0,484.8826904296875
2024-02-20,1.0,482.2131652832031
2024-02-21,1.0,482.6500549316406
2024-02-22,1.0,492.6386413574219
2024-02-23,1.0,492.9784240722656
2024-02-26,1.0,491.17291259765625
2024-02-27,1.0,492.0853576660156
2024-02-28,1.0,491.43499755859375
2024-02-29,1.0,493.20166015625
2024-03-01,1.0,497.8320007324219
2024-03-04,1.0,497.298095703125
2024-03-05,1.0,492.32806396484375
2024-03-06,1.0,494.8227844238281
2024-03-07,1.0,499.7345886230469
2024-03-08,1.0,496.7351379394531
2024-03-11,1.0,496.30804443359375
2024-03-12,1.0,501.6470031738281
2024-03-13,1.0,500.8606567382813
2024-03-14,1.0,499.87054443359375
2024-03-15,1.0,496.4381103515625
2024-03-18,1.0,499.3885498046875
2024-03-19,1.0,502.1636657714844
2024-03-20,1.0,506.8083801269531
2024-03-21,1.0,508.4832458496094
2024-03-22,1.0,507.5191955566406
2024-03-25,1.0,506.1170349121094
2024-03-26,1.0,505.1822509765625
2024-03-27,1.0,509.4277038574219
2024-03-28,1.0,509.330322265625
2024-04-01,1.0,508.4442138671875
2024-04-02,1.0,505.2114562988281
2024-04-03,1.0,505.7664184570313
2024-04-04,1.0,499.5930480957031
2024-04-05,1.0,504.8121948242188
2024-04-08,1.0,505.0945434570313
2024-04-09,1.0,505.6788635253906
2024-04-10,1.0,500.6154479980469
2024-04-11,1.0,504.3935546875
2024-04-12,1.0,497.4313659667969
2024-04-15,1.0,491.199462890625
2024-04-16,1.0,490.30364990234375
2024-04-17,1.0,487.4018249511719
2024-04-18,1.0,486.39892578125
2024-04-19,1.0,482.1534729003906
2024-04-22,1.0,486.5937194824219
2024-04-23,1.0,492.367919921875
2024-04-24,1.0,492.1342468261719
2024-04-25,1.0,490.2646484375
2024-04-26,1.0,494.9093627929688
2024-04-29,1.0,496.662109375
2024-04-30,1.0,488.7943115234375
2024-05-01,1.0,487.2071533203125
2024-05-02,1.0,491.7641906738281
2024-05-03,1.0,497.85980224609375
2024-05-06,1.0,503.0010986328125
2024-05-07,1.0,503.5561218261719
2024-05-08,1.0,503.604736328125
2024-05-09,1.0,506.5065307617188
2024-05-10,1.0,507.1589965820313
2024-05-13,1.0,507.2271118164063
2024-05-14,1.0,509.55419921875
2024-05-15,1.0,515.8641357421875
2024-05-16,1.0,514.8027954101562
2024-05-17,1.0,515.542724609375
2024-05-20,1.0,516.1366577148438
2024-05-21,1.0,517.402587890625
2024-05-22,1.0,515.912841796875
2024-05-23,1.0,512.1444702148438
2024-05-24,1.0,515.5330200195312
2024-05-28,1.0,515.893310546875
2024-05-29,1.0,512.28076171875
2024-05-30,1.0,508.8824462890625
2024-05-31,1.0,513.5174560546875
2024-06-03,1.0,513.9360961914062
2024-06-04,1.0,514.5106201171875
2024-06-05,1.0,520.6256103515625
2024-06-06,1.0,520.615966796875
2024-06-07,1.0,519.9829711914062
2024-06-10,1.0,521.5894775390625
2024-06-11,1.0,522.8457641601562
2024-06-12,1.0,527.139892578125
2024-06-13,1.0,528.2012939453125
2024-06-14,1.0,528.5227661132812
2024-06-17,1.0,532.7291259765625
2024-06-18,1.0,534.0826416015625
2024-06-20,1.0,532.6318359375
2024-06-21,1.0,531.9176635742188
2024-06-24,1.0,530.1885986328125
2024-06-25,1.0,532.2303466796875
2024-06-26,1.0,532.89453125
2024-06-27,1.0,533.7347412109375
2024-06-28,1.0,531.6343383789062
2024-07-01,1.0,532.7284545898438
2024-07-02,1.0,536.3136596679688
2024-07-03,1.0,538.7070922851562
2024-07-05,1.0,541.8134155273438
2024-07-08,1.0,542.4386596679688
2024-07-09,1.0,542.9661254882812
2024-07-10,1.0,548.3389892578125
2024-07-11,1.0,543.61083984375
2024-07-12,1.0,547.0396118164062
2024-07-15,1.0,548.5440063476562
2024-07-16,1.0,551.7969360351562
2024-07-17,1.0,544.0601806640625
2024-07-18,1.0,539.879150390625
2024-07-19,1.0,536.2941284179688
2024-07-22,1.0,541.8232421875
2024-07-23,1.0,540.973388671875
2024-07-24,1.0,528.7135620117188
2024-07-25,1.0,525.9588012695312
2024-07-26,1.0,531.8493041992188
2024-07-29,1.0,532.1619262695312
2024-07-30,1.0,529.4657592773438
2024-07-31,1.0,538.0718994140625
2024-08-01,1.0,530.4523315429688
2024-08-02,1.0,520.5762329101562
2024-08-05,1.0,505.4151306152344
2024-08-06,1.0,510.0747985839844
2024-08-07,1.0,506.66546630859375
2024-08-08,1.0,518.3782348632812
2024-08-09,1.0,520.6640014648438
2024-08-12,1.0,520.9376831054688
2024-08-13,1.0,529.5046997070312
2024-08-14,1.0,531.1753540039062
2024-08-15,1.0,540.2797241210938
2024-08-16,1.0,541.4910888671875
2024-08-19,1.0,546.6683959960938
2024-08-20,1.0,545.7794799804688
2024-08-21,1.0,547.6551513671875
2024-08-22,1.0,543.3568115234375
2024-08-23,1.0,549.1303100585938
2024-08-26,1.0,547.8211669921875
2024-08-27,1.0,548.5733642578125
2024-08-28,1.0,545.3888549804688
2024-08-29,1.0,545.4375610351562
2024-08-30,1.0,550.6443481445312
2024-09-03,1.0,539.3126831054688
2024-09-04,1.0,538.2088012695312
2024-09-05,1.0,536.899658203125
2024-09-06,1.0,527.8635864257812
2024-09-09,1.0,533.7738037109375
2024-09-10,1.0,536.0987548828125
2024-09-11,1.0,541.5985717773438
2024-09-12,1.0,546.1605224609375
2024-09-13,1.0,549.012939453125
2024-09-16,1.0,549.82373046875
2024-09-17,1.0,550.0484008789062
2024-09-18,1.0,548.417236328125
2024-09-19,1.0,557.7755126953125
2024-09-20,1.0,556.8113403320312
2024-09-23,1.0,558.2027587890625
2024-09-24,1.0,559.7999877929688
2024-09-25,1.0,558.5652465820312
2024-09-26,1.0,560.77978515625
2024-09-27,1.0,559.9664916992188
2024-09-30,1.0,562.2103881835938
2024-10-01,1.0,557.1738891601562
2024-10-02,1.0,557.4090576171875
2024-10-03,1.0,556.3900146484375
2024-10-04,1.0,561.4461669921875
2024-10-07,1.0,556.3704223632812
2024-10-08,1.0,561.63232421875
2024-10-09,1.0,565.5223999023438
2024-10-10,1.0,564.5327758789062
2024-10-11,1.0,567.9132690429688
2024-10-14,1.0,572.5579223632812
2024-10-15,1.0,568.1093139648438
2024-10-16,1.0,570.5784301757812
2024-10-17,1.0,570.6275634765625
2024-10-18,1.0,572.8224487304688
2024-10-21,1.0,571.8817749023438
2024-10-22,1.0,571.5780639648438
2024-10-23,1.0,566.355224609375
2024-10-24,1.0,567.5801391601562
2024-10-25,1.0,567.3841552734375
2024-10-28,1.0,569.1381225585938
2024-10-29,1.0,570.0592041015625
2024-10-30,1.0,568.3346557617188
2024-10-31,1.0,557.1934814453125
2024-11-01,1.0,559.545166015625
2024-11-04,1.0,558.3399658203125
2024-11-05,1.0,565.0911865234375
2024-11-06,1.0,579.142578125
2024-11-07,1.0,583.62060546875
2024-11-08,1.0,586.1486206054688
2024-11-11,1.0,586.7072143554688
2024-11-12,1.0,584.8846435546875
2024-11-13,1.0,585.1687622070312
2024-11-14,1.0,581.4061279296875
2024-11-15,1.0,573.9591064453125
2024-11-18,1.0,576.310791015625
2024-11-19,1.0,578.41748046875
2024-11-20,1.0,578.6133422851562
2024-11-21,1.0,581.7195434570312
2024-11-22,1.0,583.5226440429688
2024-11-25,1.0,585.5020141601562
2024-11-26,1.0,588.55908203125
2024-11-27,1.0,586.7758178710938
2024-11-29,1.0,590.4208984375
2024-12-02,1.0,591.4791259765625
2024-12-03,1.0,591.7535400390625
2024-12-04,1.0,595.4280395507812
2024-12-05,1.0,594.4481201171875
2024-12-06,1.0,595.5750732421875
2024-12-09,1.0,592.5081176757812
2024-12-10,1.0,590.6658935546875
2024-12-11,1.0,595.2321166992188
2024-12-12,1.0,592.1651611328125
2024-12-13,1.0,592.0474243164062
2024-12-16,1.0,594.5755615234375
2024-12-17,1.0,592.1259155273438
2024-12-18,1.0,574.4784545898438
2024-12-19,1.0,574.3020629882812
2024-12-20,1.0,581.2000122070312
2024-12-23,1.0,584.6803588867188
2024-12-24,1.0,591.1790771484375
2024-12-26,1.0,591.2183837890625
2024-12-27,1.0,584.9949951171875
2024-12-30,1.0,578.3192749023438
2024-12-31,1.0,576.21533203125
2025-01-02,1.0,574.7994384765625
2025-01-03,1.0,581.9864501953125
2025-01-06,1.0,585.339111328125
2025-01-07,1.0,578.722412109375
2025-01-08,1.0,579.56787109375
2025-01-10,1.0,570.7192993164062
2025-01-13,1.0,571.6043090820312
2025-01-14,1.0,572.3907470703125
2025-01-15,1.0,582.802490234375
2025-01-16,1.0,581.6817016601562
2025-01-17,1.0,587.5217895507812
2025-01-21,1.0,592.8995971679688
2025-01-22,1.0,596.232666015625
2025-01-23,1.0,599.4868774414062
2025-01-24,1.0,597.7367553710938
2025-01-27,1.0,589.2815551757812
2025-01-28,1.0,594.3449096679688
2025-01-29,1.0,591.6806030273438
2025-01-30,1.0,594.8560791015625
2025-01-31,1.0,591.6903076171875
2025-02-03,1.0,587.70849609375
2025-02-04,1.0,591.6510620117188
2025-02-05,1.0,594.0499877929688
2025-02-06,1.0,596.1146240234375
2025-02-07,1.0,590.6580810546875
2025-02-10,1.0,594.6693725585938
2025-02-11,1.0,595.12158203125
2025-02-12,1.0,593.2044677734375
2025-02-13,1.0,599.4672241210938
2025-02-14,1.0,599.4376220703125
2025-02-18,1.0,601.1975708007812
2025-02-19,1.0,602.6133422851562
2025-02-20,1.0,600.1063232421875
2025-02-21,1.0,589.842041015625
2025-02-24,1.0,587.157958984375
2025-02-25,1.0,584.2379150390625
2025-02-26,1.0,584.5328369140625
2025-02-27,1.0,575.2025756835938
2025-02-28,1.0,584.1788940429688
2025-03-03,1.0,573.9441528320312
2025-03-04,1.0,567.1504516601562
2025-03-05,1.0,573.2460327148438
2025-03-06,1.0,563.0703125
2025-03-07,1.0,566.2262573242188
2025-03-10,1.0,551.1445922851562
2025-03-11,0.0,546.5629272460938
2025-03-12,0.8,549.4633178710938
2025-03-13,0.8,542.1386108398438
2025-03-14,0.8,553.3369750976562
2025-03-17,0.8,557.6038208007812
2025-03-18,0.8,551.5770263671875
2025-03-19,0.8,557.5841674804688
2025-03-20,0.8,555.9718627929688
2025-03-21,0.8,556.1552124023438
2025-03-24,0.8,566.1151733398438
2025-03-25,0.8,567.4760131835938
2025-03-26,0.8,560.7012939453125
2025-03-27,0.8,559.2122192382812
2025-03-28,0.8,547.95068359375
2025-03-31,0.8,551.6289672851562
2025-04-01,0.8,553.1870727539062
2025-04-02,0.8,556.6878051757812
2025-04-03,0.8,529.2537231445312
2025-04-04,0.8,498.2697143554688
2025-04-07,0.8,497.3822021484375
2025-04-08,0.8,489.591796875
2025-04-09,0.8,541.0084228515625
2025-04-10,0.8,517.3019409179688
2025-04-11,0.8,526.5320434570312
2025-04-14,0.8,531.64013671875
2025-04-15,0.8,530.151123046875
2025-04-16,0.8,518.3668823242188
2025-04-17,0.8,519.1065063476562
2025-04-21,0.8,506.7503967285156
2025-04-22,0.8,519.9348754882812
2025-04-23,0.8,527.991455078125
2025-04-24,0.8,539.1051635742188
2025-04-25,0.8,543.0003662109375
2025-04-28,0.8,543.2074584960938
2025-04-29,0.8,546.6292724609375
2025-04-30,0.8,546.8462524414062
2025-05-01,0.8,550.7216796875
2025-05-02,0.8,558.8967895507812
2025-05-05,0.8,555.6917724609375
2025-05-06,0.8,551.047119140625
2025-05-07,0.8,553.3645629882812
2025-05-08,0.8,557.22021484375
2025-05-09,0.8,556.5103149414062
2025-05-12,0.8,574.9015502929688
2025-05-13,0.8,578.6981811523438
2025-05-14,0.8,579.4376831054688
2025-05-15,1.0,582.2678833007812
2025-05-16,1.0,585.9559936523438
2025-05-19,1.0,586.596923828125
2025-05-20,1.0,584.6246948242188
2025-05-21,1.0,574.7732543945312
2025-05-22,1.0,575.0001831054688
2025-05-23,1.0,571.0753173828125
2025-05-27,1.0,582.9483642578125
2025-05-28,1.0,579.5758056640625
2025-05-29,1.0,581.863525390625
2025-05-30,1.0,581.2128295898438
2025-06-02,1.0,584.4866943359375
2025-06-03,1.0,587.8197631835938
2025-06-04,1.0,587.6619262695312
2025-06-05,1.0,584.8218994140625
2025-06-06,1.0,590.8274536132812
2025-06-09,1.0,591.3599243164062
2025-06-10,1.0,594.7127685546875
2025-06-11,1.0,593.0166625976562
2025-06-12,1.0,595.3734741210938
2025-06-13,1.0,588.7172241210938
2025-06-16,1.0,594.3182983398438
2025-06-17,1.0,589.2398071289062
2025-06-18,1.0,589.1510009765625
2025-06-20,1.0,587.7674560546875
2025-06-23,1.0,593.5730590820312
2025-06-24,1.0,600.13037109375
2025-06-25,1.0,600.4666748046875
2025-06-26,1.0,605.1646118164062
2025-06-27,1.0,608.1712646484375
2025-06-30,1.0,611.0790405273438
2025-07-01,1.0,610.8812866210938
2025-07-02,1.0,613.650634765625
2025-07-03,1.0,618.487060546875
2025-07-07,1.0,613.8779907226562
2025-07-08,1.0,613.5418090820312
2025-07-09,1.0,617.2210083007812
2025-07-10,1.0,618.961669921875
2025-07-11,1.0,616.785888671875
2025-07-14,1.0,617.9627685546875
2025-07-15,1.0,615.3220825195312
2025-07-16,1.0,617.3792114257812
2025-07-17,1.0,621.1574096679688
2025-07-18,1.0,620.7024536132812
2025-07-21,1.0,621.87939453125
2025-07-22,1.0,621.9683837890625
2025-07-23,1.0,627.259765625
2025-07-24,1.0,627.4674682617188
2025-07-25,1.0,630.1181030273438
2025-07-28,1.0,629.9598999023438
2025-07-29,1.0,628.2982788085938
2025-07-30,1.0,627.507080078125
2025-07-31,1.0,625.1531372070312
2025-08-01,1.0,614.9065551757812
2025-08-04,1.0,624.2531127929688
2025-08-05,1.0,621.088134765625
2025-08-06,1.0,625.845458984375
2025-08-07,1.0,625.3212890625
2025-08-08,1.0,630.1972045898438
2025-08-11,1.0,628.9510498046875
2025-08-12,1.0,635.6468505859375
2025-08-13,1.0,637.82275390625
2025-08-14,1.0,637.882080078125
2025-08-15,1.0,636.3886108398438
2025-08-18,1.0,636.2501831054688
2025-08-19,1.0,632.7984008789062
2025-08-20,1.0,631.1170043945312
2025-08-21,1.0,628.5851440429688
2025-08-22,1.0,638.2382202148438
2025-08-25,1.0,635.4292602539062
2025-08-26,1.0,638.0897827148438
2025-08-27,1.0,639.5436401367188
2025-08-28,1.0,641.8085327148438
2025-08-29,1.0,637.98095703125
2025-09-02,1.0,633.25341796875
2025-09-03,1.0,636.685302734375
2025-09-04,1.0,642.0064086914062
2025-09-05,1.0,640.14697265625
2025-09-08,1.0,641.7196044921875
2025-09-09,1.0,643.203125
2025-09-10,1.0,645.0625
2025-09-11,1.0,650.4231567382812
2025-09-12,1.0,650.2054443359375
2025-09-15,1.0,653.6671142578125
2025-09-16,1.0,652.7671508789062
2025-09-17,1.0,651.9561767578125
2025-09-18,1.0,655.0023193359375
2025-09-19,1.0,658.2465209960938
2025-09-22,1.0,661.3607177734375
2025-09-23,1.0,657.7606201171875
2025-09-24,1.0,655.6678466796875
2025-09-25,1.0,652.6429443359375
2025-09-26,1.0,656.3820190429688
2025-09-29,1.0,658.2266845703125
2025-09-30,1.0,660.7061157226562
2025-10-01,1.0,662.95751953125
2025-10-02,1.0,663.7210693359375
2025-10-03,1.0,663.7112426757812
2025-10-06,1.0,666.0914916992188
2025-10-07,1.0,663.6219482421875
2025-10-08,1.0,667.5791625976562
2025-10-09,1.0,665.6452026367188
2025-10-10,1.0,647.6542358398438
2025-10-13,1.0,657.5919189453125
2025-10-14,1.0,656.78857421875
2025-10-15,1.0,659.7044677734375
2025-10-16,1.0,655.211669921875
2025-10-17,1.0,658.9308471679688
2025-10-20,1.0,665.7840576171875
2025-10-21,1.0,665.7740478515625
2025-10-22,1.0,662.3128051757812
2025-10-23,1.0,666.2402954101562
2025-10-24,1.0,671.6851806640625
2025-10-27,1.0,679.6094970703125
2025-10-28,1.0,681.41455078125
2025-10-29,1.0,681.7418212890625
2025-10-30,1.0,674.2439575195312
2025-10-31,1.0,676.4556274414062
2025-11-03,1.0,677.7251586914062
2025-11-04,1.0,669.6917114257812
2025-11-05,1.0,672.012451171875
2025-11-06,1.0,664.8021850585938
2025-11-07,1.0,665.4567260742188
2025-11-10,1.0,675.8407592773438
2025-11-11,1.0,677.3878784179688
2025-11-12,1.0,677.7647705078125
2025-11-13,1.0,666.5179443359375
2025-11-14,1.0,666.408935546875
2025-11-17,1.0,660.2003173828125
2025-11-18,1.0,654.6563110351562
2025-11-19,1.0,657.1853637695312
2025-11-20,1.0,647.1683349609375
2025-11-21,1.0,653.6149291992188
2025-11-24,1.0,663.235107421875
2025-11-25,1.0,669.4734497070312
2025-11-26,1.0,674.09521484375
2025-11-28,1.0,677.7747192382812
2025-12-01,1.0,674.6803588867188
2025-12-02,1.0,675.9300537109375
2025-12-03,1.0,678.2706298828125
2025-12-04,1.0,678.7664794921875
2025-12-05,1.0,680.0557861328125
2025-12-08,1.0,678.0127563476562
2025-12-09,1.0,677.427490234375
2025-12-10,1.0,681.92041015625
2025-12-11,1.0,683.5072021484375
2025-12-12,1.0,676.1580810546875
2025-12-15,1.0,675.1365356445312
2025-12-16,1.0,673.2918701171875
2025-12-17,1.0,665.8832397460938
2025-12-18,1.0,670.9114990234375
2025-12-19,1.0,676.9923095703125
2025-12-22,1.0,681.2098999023438
2025-12-23,1.0,684.3233032226562
2025-12-24,1.0,686.7305297851562
2025-12-26,1.0,686.660888671875
2025-12-29,1.0,684.2138671875
2025-12-30,1.0,683.3783569335938
2025-12-31,1.0,678.3152465820312
2026-01-02,1.0,679.55859375
2026-01-05,1.0,684.0845336914062
2026-01-06,1.0,688.1529541015625
2026-01-07,1.0,685.9347534179688
2026-01-08,1.0,685.8651123046875
2026-01-09,1.0,690.4010009765625
2026-01-12,1.0,691.4852294921875
2026-01-13,1.0,690.1026000976562
2026-01-14,1.0,686.7106323242188
2026-01-15,1.0,688.5806884765625
2026-01-16,1.0,688.0037231445312
2026-01-20,1.0,673.9981689453125
2026-01-21,1.0,681.77685546875
2026-01-22,1.0,685.3379516601562
2026-01-23,1.0,685.5865478515625
2026-01-26,1.0,689.0680541992188
2026-01-27,1.0,691.8134765625
2026-01-28,1.0,691.7438354492188
2026-01-29,1.0,690.3711547851562
2026-01-30,1.0,688.3120727539062
2026-02-02,1.0,691.7339477539062
2026-02-03,1.0,685.885009765625
2026-02-04,1.0,682.5626831054688
2026-02-05,1.0,674.0379638671875
2026-02-06,1.0,686.96923828125
2026-02-09,1.0,690.2816772460938
2026-02-10,1.0,688.4613037109375
2026-02-11,1.0,688.3021850585938
2026-02-12,1.0,677.668701171875
2026-02-13,1.0,678.1461181640625
2026-02-17,1.0,679.2402954101562
2026-02-18,1.0,682.662109375
2026-02-19,1.0,680.8616333007812
2026-02-20,1.0,685.7855834960938
2026-02-23,1.0,678.7827758789062
2026-02-24,1.0,683.7164916992188
2026-02-25,1.0,689.4859008789062
2026-02-26,1.0,685.6561889648438
2026-02-27,1.0,682.3637084960938
2026-03-02,1.0,682.751708984375
2026-03-03,1.0,676.7337036132812
2026-03-04,1.0,681.5082397460938
2026-03-05,1.0,677.70849609375
2026-03-06,1.0,668.82568359375
2026-03-09,1.0,674.6845703125
2026-03-10,1.0,673.6002807617188
2026-03-11,1.0,672.7548217773438
2026-03-12,1.0,662.5390625
2026-03-13,1.0,658.7890014648438
2026-03-16,1.0,665.493408203125
2026-03-17,0.0,667.2440185546875
2026-03-18,0.0,657.9335327148438
2026-03-19,0.0,656.3121948242188
2026-03-20,0.0,646.9034423828125
2026-03-23,0.3,653.6959228515625
2026-03-24,0.3,651.5015869140625
2026-03-25,0.3,655.1322021484375
2026-03-26,0.3,643.432373046875
2026-03-27,0.3,632.4606323242188
2026-03-30,0.8,630.3460693359375
2026-03-31,0.8,648.6688842773438
2026-04-01,0.8,653.5562744140625
2026-04-02,0.8,654.144775390625
2026-04-06,0.8,657.23681640625
2026-04-07,0.8,657.5260009765625
2026-04-08,0.8,674.27294921875
2026-04-09,0.8,678.162841796875
2026-04-10,0.8,677.7140502929688
2026-04-13,1.0,684.3369750976562
2026-04-14,1.0,692.675537109375
2026-04-15,1.0,698.1414184570312
2026-04-16,1.0,699.8569946289062
2026-04-17,1.0,708.3152465820312
2026-04-20,1.0,706.8988037109375
2026-04-21,1.0,702.2708129882812
2026-04-22,1.0,709.3825073242188
2026-04-23,1.0,706.6295776367188
2026-04-24,1.0,712.10546875
2026-04-27,1.0,713.332275390625
2026-04-28,1.0,709.8612060546875
2026-04-29,1.0,709.7515258789062
2026-04-30,1.0,716.8132934570312
2026-05-01,1.0,718.7982177734375
2026-05-04,1.0,716.1649780273438
2026-05-05,1.0,721.9102172851562
2026-05-06,1.0,731.9443359375
2026-05-07,1.0,729.7001342773438
2026-05-08,1.0,735.724609375
2026-05-11,1.0,737.4002685546875
2026-05-12,1.0,736.2831420898438
2026-05-13,1.0,740.4025268554688
2026-05-14,1.0,746.2474975585938
2026-05-15,1.0,737.2706298828125
2026-05-18,1.0,736.751953125
2026-05-19,1.0,731.8446044921875
2026-05-20,1.0,739.3452758789062
2026-05-21,1.0,740.8114624023438
2026-05-22,1.0,743.7239990234375
2026-05-26,1.0,748.6613159179688
2026-05-27,1.0,748.5316162109375
2026-05-28,1.0,752.6609497070312
2026-05-29,1.0,754.5361328125
2026-06-01,1.0,756.5908203125
2026-06-02,1.0,757.6182250976562
2026-06-03,1.0,752.3018798828125
2026-06-04,1.0,755.1445922851562
2026-06-05,1.0,735.65478515625
2026-06-08,1.0,737.3204345703125
2026-06-09,1.0,735.1560668945312
2026-06-10,1.0,723.56591796875
2026-06-11,1.0,735.8642578125
2026-06-12,1.0,739.843994140625
2026-06-15,1.0,752.890380859375
2026-06-16,1.0,748.4019775390625
2026-06-17,1.0,739.0560302734375
2026-06-18,1.0,746.739990234375
2026-06-22,1.0,744.3900146484375
2026-06-23,1.0,733.5800170898438
2026-06-24,1.0,733.239990234375
2026-06-25,1.0,734.2999877929688
2026-06-26,1.0,728.989990234375
2026-06-29,1.0,741.0
2026-06-30,1.0,746.77001953125
2026-07-01,1.0,745.760009765625
2026-07-02,1.0,744.780029296875
2026-07-06,1.0,751.280029296875
2026-07-07,1.0,747.7100219726562
2026-07-08,1.0,745.4000244140625
2026-07-09,1.0,751.7100219726562
2026-07-10,1.0,754.9500122070312
2026-07-13,1.0,749.1699829101562
2026-07-14,1.0,751.8300170898438
2026-07-15,1.0,754.8099975585938
2026-07-16,1.0,750.719970703125
2026-07-17,1.0,743.2899780273438
2026-07-20,1.0,742.0900268554688
2026-07-21,1.0,748.280029296875
2026-07-22,1.0,747.4099731445312
2026-07-23,1.0,738.1799926757812
2026-07-24,1.0,738.9299926757812
2026-07-27,1.0,739.0900268554688
2026-07-28,1.0,740.8599853515625
2026-07-29,1.0,729.4600219726562
2026-07-30,1.0,741.6900024414062
2026-07-31,1.0,747.030029296875
2026-08-03,1.0,757.6699829101562
2026-08-04,1.0,771.3300170898438
2026-08-05,1.0,769.7899780273438
2026-08-06,1.0,768.5599975585938
2026-08-07,1.0,773.260009765625
2026-08-10,1.0,773.030029296875
2026-08-11,1.0,770.5599975585938
2026-08-12,1.0,772.489990234375
